Hospital name,Ward,Asset tag,Type of outlet,Outlet usage,Outlet temperature,Pipe material,Material serving outlet,Flexible hosing material,Subtype of,Subtype (,Configuration,Outlet devices fitted,Ma,Model,Waste outet,Overflow,Mixer subtype,Water leaving outlet,Does the tap UV treat the water?,Categorisation code,Last Maintenance of outlet
X,12 West,12/427 WHB,Tap & Sink,Staff and patient,29,Pipe (flexible),Copper,PVC,Single lever sequential,TMV3,Mixer tap,Flow strightener,Armitage Shanks,Markwik Sequential (S8247AA),Central,No,Thermostatic mixing tap,Mixed,No,K,≤2 months ago
X,ITU4S,4/332/1 WHB CORRIDOR,Tap & Sink,Staff only,33,None,Copper,Not applicable,Single lever sequential,TMV3,Mixer tap,Flow Straightner,Armitage Shanks,Markwik Sequential (S8247AA),Rear,No,Thermostatic mixing tap,Mixed,No,V,≤2 months ago
X,ITU4S,4/326 WHB,Tap & Sink,Staff only,32,None,Copper,Not applicable,Single lever sequential,TMV3,Mixer tap,Flow Straightner,Armitage Shanks,Markwik Sequential (S8247AA),Rear,No,Thermostatic mixing tap,Mixed,No,V,≤2 months ago
X,ITU4S,4/329 WHB,Tap & Sink,Staff only,33,None,Copper,Not applicable,Single lever sequential,TMV3,Mixer tap,Flow Straightner,Armitage Shanks,Markwik Sequential (S8247AA),Rear,No,Thermostatic mixing tap,Mixed,No,V,≤2 months ago
X,ITU4S,4/332 WHB,Tap & Sink,Staff only,28,None,Copper,Not applicable,Single lever sequential,TMV3,Mixer tap,Flow Straightner,Armitage Shanks,Markwik Sequential (S8247AA),Rear,No,Thermostatic mixing tap,Mixed,No,V,≤2 months ago
X,ITU4S,4/335 WHB,Tap & Sink,Staff only,27,None,Copper,Not applicable,Single lever sequential,TMV3,Mixer tap,Flow Straightner,Armitage Shanks,Markwik Sequential (S8247AA),Rear,No,Thermostatic mixing tap,Mixed,No,V,≤2 months ago
X,ITU4S,4/345 WHB,Tap & Sink,Staff only,32,None,Copper,Not applicable,Single lever sequential,TMV3,Mixer tap,Flow Straightner,Armitage Shanks,Markwik Sequential (S8247AA),Rear,No,Thermostatic mixing tap,Mixed,No,V,≤2 months ago
X,ITU4S,4/347 WHB,Tap & Sink,Staff only,33,None,Copper,Not applicable,Single lever sequential,TMV3,Mixer tap,Flow Straightner,Armitage Shanks,Markwik Sequential (S8247AA),Rear,No,Thermostatic mixing tap,Mixed,No,V,≤2 months ago
X,ITU4S,4/349 WHB,Tap & Sink,Staff only,36,None,Copper,Not applicable,Single lever sequential,TMV3,Mixer tap,Flow Straightner,Armitage Shanks,Markwik Sequential (S8247AA),Rear,No,Thermostatic mixing tap,Mixed,No,V,≤2 months ago
X,ITU4S,4/351 WHB,Tap & Sink,Staff only,29,None,Copper,Not applicable,Single lever sequential,TMV3,Mixer tap,Flow Straightner,Armitage Shanks,Markwik Sequential (S8247AA),Rear,No,Thermostatic mixing tap,Mixed,No,V,≤2 months ago
X,ITU4S,4/355 WHB,Tap & Sink,Staff only,31,None,Copper,Not applicable,Single lever sequential,TMV3,Mixer tap,Flow Straightner,Armitage Shanks,Markwik Sequential (S8247AA),Rear,No,Thermostatic mixing tap,Mixed,No,V,≤2 months ago
X,ITU4S,4/357 WHB,Tap & Sink,Staff only,29,None,Copper,Not applicable,Single lever sequential,TMV3,Mixer tap,Flow Straightner,Armitage Shanks,Markwik Sequential (S8247AA),Rear,No,Thermostatic mixing tap,Mixed,No,V,≤2 months ago
X,ITU4S,4/361 WHB,Tap & Sink,Staff only,28,None,Copper,Not applicable,Single lever sequential,TMV3,Mixer tap,Flow Straightner,Armitage Shanks,Markwik Sequential (S8247AA),Rear,No,Thermostatic mixing tap,Mixed,No,V,≤2 months ago
X,ITU4S,4/365 WHB,Tap & Sink,Staff only,32,None,Copper,Not applicable,Single lever sequential,TMV3,Mixer tap,Flow Straightner,Armitage Shanks,Markwik Sequential (S8247AA),Rear,No,Thermostatic mixing tap,Mixed,No,V,≤2 months ago
X,ITU4S,4/367 WHB,Tap & Sink,Staff only,33,None,Copper,Not applicable,Single lever sequential,TMV3,Mixer tap,Flow Straightner,Armitage Shanks,Markwik Sequential (S8247AA),Rear,No,Thermostatic mixing tap,Mixed,No,V,≤2 months ago
X,ITU4S,4/370 WHB,Tap & Sink,Staff only,34,None,Copper,Not applicable,Single lever sequential,TMV3,Mixer tap,Flow Straightner,Armitage Shanks,Markwik Sequential (S8247AA),Rear,No,Thermostatic mixing tap,Mixed,No,V,≤2 months ago
X,ITU4S,4/373 WHB,Tap & Sink,Staff only,31,None,Copper,Not applicable,Single lever sequential,TMV3,Mixer tap,Flow Straightner,Armitage Shanks,Markwik Sequential (S8247AA),Rear,No,Thermostatic mixing tap,Mixed,No,V,≤2 months ago
X,ITU4S,4/377 WHB,Tap & Sink,Staff only,32,None,Copper,Not applicable,Single lever sequential,TMV3,Mixer tap,Flow Straightner,Armitage Shanks,Markwik Sequential (S8247AA),Rear,No,Thermostatic mixing tap,Mixed,No,V,≤2 months ago
X,ITU4S,4/379 WHB,Tap & Sink,Staff only,34,None,Copper,Not applicable,Single lever sequential,TMV3,Mixer tap,Flow Straightner,Armitage Shanks,Markwik Sequential (S8247AA),Rear,No,Thermostatic mixing tap,Mixed,No,V,≤2 months ago
X,ITU4S,4/382 WHB,Tap & Sink,Staff only,35,None,Copper,Not applicable,Single lever sequential,TMV3,Mixer tap,Flow Straightner,Armitage Shanks,Markwik Sequential (S8247AA),Rear,No,Thermostatic mixing tap,Mixed,No,V,≤2 months ago
X,ITU4W,4/425 WHB,Tap & Sink,Staff only,26,None,Copper,Not applicable,Single lever sequential,TMV3,Mixer tap,Flow Straightner,Armitage Shanks,Markwik Sequential (S8247AA),Rear,No,Thermostatic mixing tap,Mixed,No,V,≤2 months ago
X,ITU4W,4/428 WHB,Tap & Sink,Staff only,30,None,Copper,Not applicable,Single lever sequential,TMV3,Mixer tap,Flow Straightner,Armitage Shanks,Markwik Sequential (S8247AA),Rear,No,Thermostatic mixing tap,Mixed,No,V,≤2 months ago
X,ITU4W,4/431 WHB,Tap & Sink,Staff only,32,None,Copper,Not applicable,Single lever sequential,TMV3,Mixer tap,Flow Straightner,Armitage Shanks,Markwik Sequential (S8247AA),Rear,No,Thermostatic mixing tap,Mixed,No,V,≤2 months ago
X,ITU4W,4/431/1 WHB CORRIDOR,Tap & Sink,Staff only,30,None,Copper,Not applicable,Single lever sequential,TMV3,Mixer tap,Flow Straightner,Armitage Shanks,Markwik Sequential (S8247AA),Rear,No,Thermostatic mixing tap,Mixed,No,V,≤2 months ago
X,ITU4W,4/439 WHB,Tap & Sink,Staff only,22,None,Copper,Not applicable,Single lever sequential,TMV3,Mixer tap,Flow Straightner,Armitage Shanks,Markwik Sequential (S8247AA),Rear,No,Thermostatic mixing tap,Mixed,No,V,≤2 months ago
X,ITU4W,4/441 WHB,Tap & Sink,Staff only,26,None,Copper,Not applicable,Single lever sequential,TMV3,Mixer tap,Flow Straightner,Armitage Shanks,Markwik Sequential (S8247AA),Rear,No,Thermostatic mixing tap,Mixed,No,V,≤2 months ago
X,ITU4W,4/444 WHB,Tap & Sink,Staff only,33,None,Copper,Not applicable,Single lever sequential,TMV3,Mixer tap,Flow Straightner,Armitage Shanks,Markwik Sequential (S8247AA),Rear,No,Thermostatic mixing tap,Mixed,No,V,≤2 months ago
X,ITU4W,4/447 WHB,Tap & Sink,Staff only,34,None,Copper,Not applicable,Single lever sequential,TMV3,Mixer tap,Flow Straightner,Armitage Shanks,Markwik Sequential (S8247AA),Rear,No,Thermostatic mixing tap,Mixed,No,V,≤2 months ago
X,ITU4W,4/451 WHB,Tap & Sink,Staff only,21,None,Copper,Not applicable,Single lever sequential,TMV3,Mixer tap,Flow Straightner,Armitage Shanks,Markwik Sequential (S8247AA),Rear,No,Thermostatic mixing tap,Mixed,No,V,≤2 months ago
X,ITU4W,4/454 WHB,Tap & Sink,Staff only,33,None,Copper,Not applicable,Single lever sequential,TMV3,Mixer tap,Flow Straightner,Armitage Shanks,Markwik Sequential (S8247AA),Rear,No,Thermostatic mixing tap,Mixed,No,V,≤2 months ago
X,ITU4W,4/457 WHB,Tap & Sink,Staff only,32,None,Copper,Not applicable,Single lever sequential,TMV3,Mixer tap,Flow Straightner,Armitage Shanks,Markwik Sequential (S8247AA),Rear,No,Thermostatic mixing tap,Mixed,No,V,≤2 months ago
X,ITU4W,4/460 WHB,Tap & Sink,Staff only,33,None,Copper,Not applicable,Single lever sequential,TMV3,Mixer tap,Flow Straightner,Armitage Shanks,Markwik Sequential (S8247AA),Rear,No,Thermostatic mixing tap,Mixed,No,V,≤2 months ago
X,ITU4W,4/462 WHB,Tap & Sink,Staff only,28,None,Copper,Not applicable,Single lever sequential,TMV3,Mixer tap,Flow Straightner,Armitage Shanks,Markwik Sequential (S8247AA),Rear,No,Thermostatic mixing tap,Mixed,No,V,≤2 months ago
X,ITU4W,4/465 WHB,Tap & Sink,Staff only,31,None,Copper,Not applicable,Single lever sequential,TMV3,Mixer tap,Flow Straightner,Armitage Shanks,Markwik Sequential (S8247AA),Rear,No,Thermostatic mixing tap,Mixed,No,V,≤2 months ago
X,ITU4W,4/468 WHB,Tap & Sink,Staff only,36,None,Copper,Not applicable,Single lever sequential,TMV3,Mixer tap,Flow Straightner,Armitage Shanks,Markwik Sequential (S8247AA),Rear,No,Thermostatic mixing tap,Mixed,No,V,≤2 months ago
X,ITU4W,4/471 WHB,Tap & Sink,Staff only,35,None,Copper,Not applicable,Single lever sequential,TMV3,Mixer tap,Flow Straightner,Armitage Shanks,Markwik Sequential (S8247AA),Rear,No,Thermostatic mixing tap,Mixed,No,V,≤2 months ago
X,ITU4E,4/239 WHB,Tap & Sink,Staff only,32,None,Copper,Not applicable,Dual lever,TMV3,Mixer tap,Flow Straightner,Horne,Optitherm (TBT1-200DL),Rear,No,Thermostatic mixing tap,Mixed,No,U,≤2 months ago
X,ITU4E,4/238 WHB,Tap & Sink,Staff only,33,None,Copper,Not applicable,Dual lever,TMV3,Mixer tap,Flow Straightner,Horne,Optitherm (TBT1-200DL),Rear,No,Thermostatic mixing tap,Mixed,No,U,≤2 months ago
X,ITU4E,4/237 WHB,Tap & Sink,Staff only,30,None,Copper,Not applicable,Dual lever,TMV3,Mixer tap,Flow Straightner,Horne,Optitherm (TBT1-200DL),Rear,No,Thermostatic mixing tap,Mixed,No,U,≤2 months ago
X,ITU4E,4/236 WHB,Tap & Sink,Staff only,31,None,Copper,Not applicable,Dual lever,TMV3,Mixer tap,Flow Straightner,Horne,Optitherm (TBT1-200DL),Rear,No,Thermostatic mixing tap,Mixed,No,U,≤2 months ago
X,ITU4E,4/235 WHB,Tap & Sink,Staff only,32,None,Copper,Not applicable,Dual lever,TMV3,Mixer tap,Flow Straightner,Horne,Optitherm (TBT1-200DL),Rear,No,Thermostatic mixing tap,Mixed,No,U,≤2 months ago
X,ITU4E,4/234 WHB,Tap & Sink,Staff only,27,None,Copper,Not applicable,Dual lever,TMV3,Mixer tap,Flow Straightner,Horne,Optitherm (TBT1-200DL),Rear,No,Thermostatic mixing tap,Mixed,No,U,≤2 months ago
X,ITU4E,4/232 WHB,Tap & Sink,Staff only,27,None,Copper,Not applicable,Dual lever,TMV3,Mixer tap,Flow Straightner,Horne,Optitherm (TBT1-200DL),Rear,No,Thermostatic mixing tap,Mixed,No,U,≤2 months ago
X,ITU4E,4/231 WHB,Tap & Sink,Staff only,29,None,Copper,Not applicable,Dual lever,TMV3,Mixer tap,Flow Straightner,Horne,Optitherm (TBT1-200DL),Rear,No,Thermostatic mixing tap,Mixed,No,U,≤2 months ago
X,ITU4E,4/230 WHB,Tap & Sink,Staff only,28,None,Copper,Not applicable,Dual lever,TMV3,Mixer tap,Flow Straightner,Horne,Optitherm (TBT1-200DL),Rear,No,Thermostatic mixing tap,Mixed,No,U,≤2 months ago
X,ITU4E,4/229 WHB,Tap & Sink,Staff only,27,None,Copper,Not applicable,Dual lever,TMV3,Mixer tap,Flow Straightner,Horne,Optitherm (TBT1-200DL),Rear,No,Thermostatic mixing tap,Mixed,No,U,≤2 months ago
X,ITU4E,4/225 WHB,Tap & Sink,Staff only,27,None,Copper,Not applicable,Dual lever,TMV3,Mixer tap,Flow Straightner,Horne,Optitherm (TBT1-200DL),Rear,No,Thermostatic mixing tap,Mixed,No,U,≤2 months ago
X,ITU4E,4/224 WHB,Tap & Sink,Staff only,22,None,Copper,Not applicable,Dual lever,TMV3,Mixer tap,Flow Straightner,Horne,Optitherm (TBT1-200DL),Rear,No,Thermostatic mixing tap,Mixed,No,U,≤2 months ago
X,ITU4E,4/223 WHB,Tap & Sink,Staff only,33,None,Copper,Not applicable,Dual lever,TMV3,Mixer tap,Flow Straightner,Horne,Optitherm (TBT1-200DL),Rear,No,Thermostatic mixing tap,Mixed,No,U,≤2 months ago
X,ITU4E,4/222 WHB,Tap & Sink,Staff only,24,None,Copper,Not applicable,Dual lever,TMV3,Mixer tap,Flow Straightner,Horne,Optitherm (TBT1-200DL),Rear,No,Thermostatic mixing tap,Mixed,No,U,≤2 months ago
X,ITU4E,4/221 WHB,Tap & Sink,Staff only,26,None,Copper,Not applicable,Dual lever,TMV3,Mixer tap,Flow Straightner,Horne,Optitherm (TBT1-200DL),Rear,No,Thermostatic mixing tap,Mixed,No,U,≤2 months ago
X,ITU4E,4/220 WHB,Tap & Sink,Staff only,32,None,Copper,Not applicable,Dual lever,TMV3,Mixer tap,Flow Straightner,Horne,Optitherm (TBT1-200DL),Rear,No,Thermostatic mixing tap,Mixed,No,U,≤2 months ago
X,11W,11/424 WHB,Tap & Sink,Staff and patient,24,Pipe (flexible),Copper,PVC,Dual lever,TMV3,Individual tap,Flow Straightner,Armitage Shanks,Markwik (S8265AA),Central,No,Manual mixing taps,Mixed,No,P,≤2 months ago
X,11W,11/412 WHB,Tap & Sink,Staff only,36,None,Copper,Not applicable,Dual lever,TMV3,Mixer tap,Flow Straightner,Armitage Shanks,Markwik (S8230AA),Central,No,Manual mixing taps,Mixed,No,F,≤2 months ago
X,11W,11/406 SHOWER,Shower,Staff and patient,36,None,Copper,Not applicable,Dual lever,TMV3,Shower,Flow Straightner,Unknown,Unknown,Central,No,Thermostatic mixing tap,Mixed,No,T,≤2 months ago
X,11W,11/405 WHB,Tap & Sink,Staff and patient,23,None,Copper,Not applicable,Dual lever,TMV3,Individual tap,Flow Straightner,Armitage Shanks,Pillar Taps (S7185AA),Central,No,Manual mixing taps,Mixed,No,G,≤2 months ago
X,11W,11/451/3 SHOWER,Shower,Staff and patient,23,None,Copper,Not applicable,Dual lever,TMV3,Shower,Flow Straightner,Horne,unknown,Central,No,Thermostatic mixing tap,Mixed,No,T,≤2 months ago
X,11W,11/451/3 WHB,Tap & Sink,Staff and patient,19,None,Copper,Not applicable,Dual lever,TMV3,Individual tap,Flow Straightner,Armitage Shanks,Pillar Taps (S7185AA),Central,No,Manual mixing taps,Mixed,No,G,≤2 months ago
X,11W,11/451/1 WHB,Tap & Sink,Staff only,23,None,Copper,Not applicable,Dual lever,TMV3,Mixer tap,Flow Straightner,Armitage Shanks,Markwik (S8210AA),Central,No,Manual mixing taps,Mixed,No,S,≤2 months ago
X,11W,11/450/1 SHOWER,Shower,Staff and patient,34,None,Copper,Not applicable,Dual lever,TMV3,Shower,Flow Straightner,Horne,unknown,Central,No,Thermostatic mixing tap,Mixed,No,T,≤2 months ago
X,11W,11/450/1 WHB,Tap & Sink,Staff and patient,20,None,Copper,Not applicable,Dual lever,TMV3,Individual tap,Flow Straightner,Armitage Shanks,Pillar Taps (S7185AA),Central,No,Manual mixing taps,Mixed,No,G,≤2 months ago
X,11W,11/450 WHB,Tap & Sink,Staff and patient,23,None,Copper,Not applicable,Dual lever,TMV3,Mixer tap,Flow Straightner,Armitage Shanks,Markwik (S8210AA),Central,No,Manual mixing taps,Mixed,No,S,≤2 months ago
X,11W,11/450/2 WHB,Tap & Sink,Staff only,24,None,Copper,Not applicable,Dual lever,TMV3,Mixer tap,Flow Straightner,Armitage Shanks,Markwik (S8210AA),Central,No,Manual mixing taps,Mixed,No,S,≤2 months ago
X,11W,11/449/1 SHOWER,Shower,Staff and patient,32,None,Copper,Not applicable,Dual lever,TMV3,Shower,Flow Straightner,Horne,unknown,Central,No,Thermostatic mixing tap,Mixed,No,T,≤2 months ago
X,11W,11/449/1 WHB,Tap & Sink,Staff and patient,21,None,Copper,Not applicable,Dual lever,TMV3,Individual tap,Flow Straightner,Armitage Shanks,Pillar Taps (S7185AA),Central,No,Manual mixing taps,Mixed,No,G,≤2 months ago
X,11W,11/449 WHB,Tap & Sink,Staff and patient,23,None,Copper,Not applicable,Dual lever,TMV3,Mixer tap,Flow Straightner,Armitage Shanks,Markwik (S8210AA),Central,No,Manual mixing taps,Mixed,No,S,≤2 months ago
X,11W,11/449/2 WHB,Tap & Sink,Staff only,23,None,Copper,Not applicable,Dual lever,TMV3,Mixer tap,Flow Straightner,Armitage Shanks,Markwik (S8210AA),Central,No,Manual mixing taps,Mixed,No,S,≤2 months ago
X,11W,11/448/1 SHOWER,Shower,Staff and patient,0,None,Copper,Not applicable,Dual lever,TMV3,Shower,Flow Straightner,Horne,unknown,Central,No,Thermostatic mixing tap,Mixed,No,T,≤2 months ago
X,11W,11/448/1 WHB,Tap & Sink,Staff and patient,22,None,Copper,Not applicable,Dual lever,TMV3,Individual tap,Flow Straightner,Armitage Shanks,Pillar Taps (S7185AA),Central,No,Manual mixing taps,Mixed,No,G,≤2 months ago
X,11W,11/448 WHB,Tap & Sink,Staff and patient,18,None,Copper,Not applicable,Dual lever,TMV3,Mixer tap,Flow Straightner,Armitage Shanks,Markwik (S8210AA),Central,No,Manual mixing taps,Mixed,No,S,≤2 months ago
X,11W,11/447/1 SHOWER,Shower,Staff and patient,34,None,Copper,Not applicable,Dual lever,TMV3,Shower,Flow Straightner,Horne,unknown,Central,No,Thermostatic mixing tap,Mixed,No,T,≤2 months ago
X,11W,11/447/1 WHB,Tap & Sink,Staff and patient,25,None,Copper,Not applicable,Dual lever,TMV3,Individual tap,Flow Straightner,Armitage Shanks,Pillar Taps (S7185AA),Central,No,Manual mixing taps,Mixed,No,G,≤2 months ago
X,11W,11/447 WHB,Tap & Sink,Staff and patient,30,None,Copper,Not applicable,Dual lever,TMV3,Mixer tap,Flow Straightner,Armitage Shanks,Markwik (S8210AA),Central,No,Manual mixing taps,Mixed,No,S,≤2 months ago
X,11W,11/444 SHOWER,Shower,Staff and patient,0,None,Copper,Not applicable,Dual lever,TMV3,Shower,Flow Straightner,Horne,unknown,Central,No,Thermostatic mixing tap,Mixed,No,T,≤2 months ago
X,11W,11/444 WHB,Tap & Sink,Staff and patient,22,None,Copper,Not applicable,Dual lever,TMV3,Individual tap,Flow Straightner,Armitage Shanks,Pillar Taps (S7185AA),Central,No,Manual mixing taps,Mixed,No,G,≤2 months ago
X,11W,11/443/1 WHB,Tap & Sink,Staff and patient,26,None,Copper,Not applicable,Dual lever,TMV3,Mixer tap,Flow Straightner,Armitage Shanks,Markwik (S8210AA),Central,No,Manual mixing taps,Mixed,No,S,≤2 months ago
X,11W,11/443/2 SHOWER,Shower,Staff and patient,24,None,Copper,Not applicable,Dual lever,TMV3,Shower,Flow Straightner,Horne,unknown,Central,No,Thermostatic mixing tap,Mixed,No,T,≤2 months ago
X,11W,11/443/2 WHB,Tap & Sink,Staff and patient,23,None,Copper,Not applicable,Dual lever,TMV3,Individual tap,Flow Straightner,Armitage Shanks,Pillar Taps (S7185AA),Central,No,Manual mixing taps,Mixed,No,G,≤2 months ago
X,11W,11/443/3 WHB,Tap & Sink,Staff and patient,22,None,Copper,Not applicable,Dual lever,TMV3,Mixer tap,Flow Straightner,Armitage Shanks,Markwik (S8210AA),Central,No,Manual mixing taps,Mixed,No,S,≤2 months ago
X,11W,11/442 SHOWER,Shower,Staff and patient,31,None,Copper,Not applicable,Dual lever,TMV3,Shower,Flow Straightner,Mira,915,Central,No,Thermostatic mixing tap,Mixed,No,E,≤2 months ago
X,11W,11/442 WHB,Tap & Sink,Staff and patient,21,None,Copper,Not applicable,Dual lever,TMV3,Individual tap,Flow Straightner,Armitage Shanks,Pillar Taps (S7185AA),Central,No,Manual mixing taps,Mixed,No,G,≤2 months ago
X,11W,11/441 WHB,Tap & Sink,Staff and patient,28,None,Copper,Not applicable,Dual lever,TMV3,Mixer tap,Flow Straightner,Armitage Shanks,Unknown,Central,No,Manual mixing taps,Mixed,No,D,≤2 months ago
X,11W,11/441/1 WHB CORRIDOR,Tap & Sink,Staff only,27,None,Copper,Not applicable,Dual lever,TMV3,Mixer tap,Flow Straightner,Armitage Shanks,Markwik (S8210AA),Central,No,Manual mixing taps,Mixed,No,S,≤2 months ago
X,11W,11/440 SHOWER,Shower,Staff and patient,28,None,Copper,Not applicable,Dual lever,TMV3,Shower,Flow Straightner,Mira,915,Central,No,Thermostatic mixing tap,Mixed,No,E,≤2 months ago
X,11W,11/440 WHB,Tap & Sink,Staff and patient,18,None,Copper,Not applicable,Dual lever,TMV3,Individual tap,Flow Straightner,Armitage Shanks,Pillar Taps (S7185AA),Central,No,Manual mixing taps,Mixed,No,G,≤2 months ago
X,11W,11/439 WHB,Tap & Sink,Staff and patient,30,None,Copper,Not applicable,Dual lever,TMV3,Mixer tap,Flow Straightner,Armitage Shanks,Unknown,Central,No,Manual mixing taps,Mixed,No,D,≤2 months ago
X,11W,11/438 SHOWER,Shower,Staff and patient,31,None,Copper,Not applicable,Single lever sequential,TMV3,Shower,Flow Straightner,Trevi,CTV (A3085AA),Central,No,Thermostatic mixing tap,Mixed,No,J,≤2 months ago
X,11W,11/438 WHB,Tap & Sink,Staff and patient,23,None,Copper,Not applicable,Dual lever,TMV3,Individual tap,Flow Straightner,Armitage Shanks,Pillar Taps (S7185AA),Central,No,Manual mixing taps,Mixed,No,G,≤2 months ago
X,11W,11/437 WHB,Tap & Sink,Staff and patient,31,None,Copper,Not applicable,Single lever sequential,TMV3,Mixer tap,Flow Straightner,Armitage Shanks,Markwik Sequential (S8247AA),Central,No,Thermostatic mixing tap,Mixed,No,K,≤2 months ago
X,11W,11/436 SHOWER,Shower,Staff and patient,33,None,Copper,Not applicable,Single lever sequential,TMV3,Shower,Flow Straightner,Trevi,CTV (A3085AA),Central,No,Thermostatic mixing tap,Mixed,No,J,≤2 months ago
X,11W,11/436 WHB,Tap & Sink,Staff and patient,23,None,Copper,Not applicable,Dual lever,TMV3,Individual tap,Flow Straightner,Armitage Shanks,Pillar Taps (S7185AA),Central,No,Manual mixing taps,Mixed,No,G,≤2 months ago
X,11W,11/435 WHB,Tap & Sink,Staff and patient,31,None,Copper,Not applicable,Single lever sequential,TMV3,Mixer tap,Flow Straightner,Armitage Shanks,Markwik Sequential (S8247AA),Central,No,Thermostatic mixing tap,Mixed,No,K,≤2 months ago
X,11W,11/433 SHOWER,Shower,Staff and patient,35,None,Copper,Not applicable,Dual lever,TMV3,Shower,Flow Straightner,Mira,915,Central,No,Thermostatic mixing tap,Mixed,No,E,≤2 months ago
X,11W,11/433 WHB,Tap & Sink,Staff and patient,17,None,Copper,Not applicable,Dual lever,TMV3,Individual tap,Flow Straightner,Armitage Shanks,Pillar Taps (S7185AA),Central,No,Manual mixing taps,Mixed,No,G,≤2 months ago
X,11W,11/432 WHB,Tap & Sink,Staff and patient,31,None,Copper,Not applicable,Dual lever,TMV3,Mixer tap,Flow Straightner,Armitage Shanks,Unknown,Central,No,Manual mixing taps,Mixed,No,D,≤2 months ago
X,11W,11/430/2 WHB CORRIDOR,Tap & Sink,Staff only,28,None,Copper,Not applicable,Single lever sequential,TMV3,Mixer tap,Flow Straightner,Armitage Shanks,Markwik Sequential (S8247AA),Central,No,Thermostatic mixing tap,Mixed,No,K,≤2 months ago
X,11W,11/431 SHOWER,Shower,Staff and patient,38,None,Copper,Not applicable,Dual lever,TMV3,Shower,Flow Straightner,Mira,915,Central,No,Thermostatic mixing tap,Mixed,No,E,≤2 months ago
X,11W,11/431 WHB,Tap & Sink,Staff and patient,19,None,Copper,Not applicable,Dual lever,TMV3,Individual tap,Flow Straightner,Armitage Shanks,Pillar Taps (S7185AA),Central,No,Manual mixing taps,Mixed,No,G,≤2 months ago
X,11W,11/430 WHB,Tap & Sink,Staff and patient,30,None,Copper,Not applicable,Dual lever,TMV3,Mixer tap,Flow Straightner,Armitage Shanks,Unknown,Central,No,Manual mixing taps,Mixed,No,D,≤2 months ago
X,11W,11/428/1 SHOWER,Shower,Staff and patient,37,None,Copper,Not applicable,Dual lever,TMV3,Shower,Flow Straightner,Mira,915,Central,No,Thermostatic mixing tap,Mixed,No,E,≤2 months ago
X,11W,11/428/1 BATH,Tap & Sink,Staff and patient,35,None,Copper,Not applicable,Dual lever,TMV3,Mixer tap,Flow Straightner,Mira,915,Central,No,Thermostatic mixing tap,Mixed,No,Q,≤2 months ago
X,11W,11/428/1 WHB,Tap & Sink,Staff and patient,26,None,Copper,Not applicable,Dual lever,TMV3,Individual tap,Flow Straightner,Armitage Shanks,Pillar Taps (S7185AA),Central,No,Manual mixing taps,Mixed,No,G,≤2 months ago
X,11W,11/428 WHB,Tap & Sink,Staff and patient,28,None,Copper,Not applicable,Dual lever,TMV3,Mixer tap,Flow Straightner,Armitage Shanks,Markwik (S8230AA),Central,No,Manual mixing taps,Mixed,No,F,≤2 months ago
X,11W,11/429 SHOWER/BATH,Shower,Staff and patient,30,None,Copper,Not applicable,Dual lever,TMV3,Shower,Flow Straightner,Mira,915,Central,No,Thermostatic mixing tap,Mixed,No,E,≤2 months ago
X,11W,11/429 WHB,Tap & Sink,Staff and patient,17,None,Copper,Not applicable,Dual lever,TMV3,Individual tap,Flow Straightner,Armitage Shanks,Pillar Taps (S7185AA),Central,No,Manual mixing taps,Mixed,No,G,≤2 months ago
X,11W,11/427 WHB,Tap & Sink,Staff and patient,24,None,Copper,Not applicable,Dual lever,TMV3,Mixer tap,Flow Straightner,Armitage Shanks,Markwik (S8230AA),Central,No,Manual mixing taps,Mixed,No,F,≤2 months ago
X,11W,11/426/2 BATH,Tap & Sink,Staff and patient,25,None,Copper,Not applicable,Dual lever,TMV3,Mixer tap,Flow Straightner,Mira,915,Central,No,Manual mixing taps,Mixed,No,R,≤2 months ago
X,11W,11/426/2 WHB,Tap & Sink,Staff and patient,22,None,Copper,Not applicable,Dual lever,TMV3,Individual tap,Flow Straightner,Armitage Shanks,Pillar Taps (S7185AA),Central,No,Manual mixing taps,Mixed,No,G,≤2 months ago
X,11W,11/426 WHB,Tap & Sink,Staff and patient,23,None,Copper,Not applicable,Dual lever,TMV3,Mixer tap,Flow Straightner,Armitage Shanks,Markwik (S8230AA),Central,No,Manual mixing taps,Mixed,No,F,≤2 months ago
X,11W,11/425/1 SHOWER,Shower,Staff and patient,23,None,Copper,Not applicable,Dual lever,TMV3,Shower,Flow Straightner,Mira,915,Central,No,Thermostatic mixing tap,Mixed,No,E,≤2 months ago
X,11W,11/425/1 BATH,Tap & Sink,Staff and patient,18,None,Copper,Not applicable,Dual lever,TMV3,Mixer tap,Flow Straightner,Mira,915,Central,No,Thermostatic mixing tap,Mixed,No,Q,≤2 months ago
X,11W,11/425/1 WHB,Tap & Sink,Staff and patient,21,None,Copper,Not applicable,Dual lever,TMV3,Individual tap,Flow Straightner,Armitage Shanks,Pillar Taps (S7185AA),Central,No,Manual mixing taps,Mixed,No,G,≤2 months ago
X,11W,11/425 WHB,Tap & Sink,Staff and patient,27,None,Copper,Not applicable,Dual lever,Not applicable,Mixer tap,Flow Straightner,Armitage Shanks,Markwik (S8230AA),Central,No,Manual mixing taps,Mixed,No,F,≤2 months ago
X,11S,11/311 WHB,Tap & Sink,Staff only,32,Pipe (flexible),Copper,PVC,Single lever sequential,TMV3,Mixer tap,Flow Straightner,Armitage Shanks,Markwik Sequential (S8247AA),Central,No,Thermostatic mixing tap,Mixed,No,K,≤2 months ago
X,11S,11/305 WHB,Tap & Sink,Staff and patient,35,Pipe (flexible),Copper,PVC,Single lever sequential,TMV3,Mixer tap,Flow Straightner,Armitage Shanks,unknown,Central,No,Thermostatic mixing tap,Mixed,No,L,≤2 months ago
X,11S,11/303 WHB,Tap & Sink,Staff and patient,25,Pipe (flexible),Copper,PVC,Single lever sequential,TMV3,Mixer tap,Flow Straightner,Armitage Shanks,Markwik Sequential (S8247AA),Rear,No,Thermostatic mixing tap,Mixed,No,O,≤2 months ago
X,11S,11/260/1 SINK,Tap & Sink,Staff and patient,27,Pipe (flexible),Copper,PVC,Dual lever,TMV3,Individual tap,Flow Straightner,Armitage Shanks,Markwik (S8265AA),Central,No,Manual mixing taps,Mixed,No,P,≤2 months ago
X,11S,11/260/1 WHB,Tap & Sink,Staff and patient,31,Pipe (flexible),Copper,PVC,Single lever sequential,TMV3,Mixer tap,Flow Straightner,Armitage Shanks,unknown,Central,No,Thermostatic mixing tap,Mixed,No,L,≤2 months ago
X,11S,11/254/2 SHOWER,Shower,Staff and patient,24,Pipe (flexible),Copper,PVC,Single lever sequential,TMV3,Shower,Flow Straightner,Trevi,CTV (A3085AA),Central,No,Thermostatic mixing tap,Mixed,No,J,≤2 months ago
X,11S,11/254/2 WHB,Tap & Sink,Staff and patient,23,Pipe (flexible),Copper,PVC,Dual lever,TMV3,Individual tap,Flow Straightner,Armitage Shanks,Pillar Taps (S7185AA),Central,No,Manual mixing taps,Mixed,No,G,≤2 months ago
X,11S,11/254/1 WHB,Tap & Sink,Staff and patient,32,Pipe (flexible),Copper,PVC,Single lever sequential,TMV3,Mixer tap,Flow Straightner,Armitage Shanks,Markwik Sequential (S8247AA),Central,No,Thermostatic mixing tap,Mixed,No,K,≤2 months ago
X,11S,11/254 WHB,Tap & Sink,Staff only,31,Pipe (flexible),Copper,PVC,Single lever sequential,TMV3,Mixer tap,Flow Straightner,Armitage Shanks,Markwik Sequential (S8247AA),Central,No,Thermostatic mixing tap,Mixed,No,K,≤2 months ago
X,11S,11/253/2 SHOWER,Shower,Staff and patient,34,Pipe (flexible),Copper,PVC,Single lever sequential,TMV3,Shower,Flow Straightner,Trevi,CTV (A3085AA),Central,No,Thermostatic mixing tap,Mixed,No,J,≤2 months ago
X,11S,11/253/2 WHB,Tap & Sink,Staff and patient,23,Pipe (flexible),Copper,PVC,Dual lever,TMV3,Individual tap,Flow Straightner,Armitage Shanks,Pillar Taps (S7185AA),Central,No,Manual mixing taps,Mixed,No,G,≤2 months ago
X,11S,11/253/1 WHB,Tap & Sink,Staff and patient,25,Pipe (flexible),Copper,PVC,Single lever sequential,TMV3,Mixer tap,Flow Straightner,Armitage Shanks,Markwik Sequential (S8247AA),Central,No,Thermostatic mixing tap,Mixed,No,K,≤2 months ago
X,11S,11/253 WHB,Tap & Sink,Staff only,27,Pipe (flexible),Copper,PVC,Single lever sequential,TMV3,Mixer tap,Flow Straightner,Armitage Shanks,Markwik Sequential (S8247AA),Central,No,Thermostatic mixing tap,Mixed,No,K,≤2 months ago
X,11S,11/252/2 SHOWER,Shower,Staff and patient,33,Pipe (flexible),Copper,PVC,Single lever sequential,TMV3,Shower,Flow Straightner,Trevi,CTV (A3085AA),Central,No,Thermostatic mixing tap,Mixed,No,J,≤2 months ago
X,11S,11/252/2 WHB,Tap & Sink,Staff and patient,23,Pipe (flexible),Copper,PVC,Dual lever,TMV3,Individual tap,Flow Straightner,Armitage Shanks,Pillar Taps (S7185AA),Central,No,Manual mixing taps,Mixed,No,G,≤2 months ago
X,11S,11/252/1 WHB,Tap & Sink,Staff and patient,29,Pipe (flexible),Copper,PVC,Single lever sequential,TMV3,Mixer tap,Flow Straightner,Armitage Shanks,Markwik Sequential (S8247AA),Central,No,Thermostatic mixing tap,Mixed,No,K,≤2 months ago
X,11S,11/252 WHB,Tap & Sink,Staff only,30,Pipe (flexible),Copper,PVC,Single lever sequential,TMV3,Mixer tap,Flow Straightner,Armitage Shanks,Markwik Sequential (S8247AA),Central,No,Thermostatic mixing tap,Mixed,No,K,≤2 months ago
X,11S,11/343/2 SHOWER,Shower,Staff and patient,14,Pipe (flexible),Copper,PVC,Single lever sequential,TMV3,Shower,Flow Straightner,Trevi,CTV (A3085AA),Central,No,Thermostatic mixing tap,Mixed,No,J,≤2 months ago
X,11S,11/343/2 WHB,Tap & Sink,Staff and patient,21,Pipe (flexible),Copper,PVC,Dual lever,TMV3,Individual tap,Flow Straightner,Armitage Shanks,Pillar Taps (S7185AA),Central,No,Manual mixing taps,Mixed,No,G,≤2 months ago
X,11S,11/343/1 WHB,Tap & Sink,Staff and patient,34,Pipe (flexible),Copper,PVC,Single lever sequential,TMV3,Mixer tap,Flow Straightner,Armitage Shanks,Markwik Sequential (S8247AA),Central,No,Thermostatic mixing tap,Mixed,No,K,≤2 months ago
X,11S,11/343 WHB,Tap & Sink,Staff only,29,Pipe (flexible),Copper,PVC,Single lever sequential,TMV3,Mixer tap,Flow Straightner,Armitage Shanks,Markwik Sequential (S8247AA),Central,No,Thermostatic mixing tap,Mixed,No,K,≤2 months ago
X,11S,11/342/2 SHOWER,Shower,Staff and patient,30,Pipe (flexible),Copper,PVC,Single lever sequential,TMV3,Shower,Flow Straightner,Trevi,CTV (A3085AA),Central,No,Thermostatic mixing tap,Mixed,No,J,≤2 months ago
X,11S,11/342/2 WHB,Tap & Sink,Staff and patient,17,Pipe (flexible),Copper,PVC,Dual lever,TMV3,Individual tap,Flow Straightner,Armitage Shanks,Pillar Taps (S7185AA),Central,No,Manual mixing taps,Mixed,No,G,≤2 months ago
X,11S,11/342/1 WHB,Tap & Sink,Staff and patient,29,Pipe (flexible),Copper,PVC,Single lever sequential,TMV3,Mixer tap,Flow Straightner,Armitage Shanks,Markwik Sequential (S8247AA),Central,No,Thermostatic mixing tap,Mixed,No,K,≤2 months ago
X,11S,11/342 WHB,Tap & Sink,Staff only,34,Pipe (flexible),Copper,PVC,Single lever sequential,TMV3,Mixer tap,Flow Straightner,Armitage Shanks,Markwik Sequential (S8247AA),Central,No,Thermostatic mixing tap,Mixed,No,K,≤2 months ago
X,11S,11/341/2 SHOWER,Shower,Staff and patient,30,Pipe (flexible),Copper,PVC,Single lever sequential,TMV3,Shower,Flow Straightner,Trevi,CTV (A3085AA),Central,No,Thermostatic mixing tap,Mixed,No,J,≤2 months ago
X,11S,11/341/2 WHB,Tap & Sink,Staff and patient,24,Pipe (flexible),Copper,PVC,Dual lever,TMV3,Individual tap,Flow Straightner,Armitage Shanks,Pillar Taps (S7185AA),Central,No,Manual mixing taps,Mixed,No,G,≤2 months ago
X,11S,11/341/1 WHB,Tap & Sink,Staff and patient,33,Pipe (flexible),Copper,PVC,Single lever sequential,TMV3,Mixer tap,Flow Straightner,Armitage Shanks,Markwik Sequential (S8247AA),Central,No,Thermostatic mixing tap,Mixed,No,K,≤2 months ago
X,11S,11/341 WHB,Tap & Sink,Staff only,24,Pipe (flexible),Copper,PVC,Single lever sequential,TMV3,Mixer tap,Flow Straightner,Armitage Shanks,Markwik Sequential (S8247AA),Central,No,Thermostatic mixing tap,Mixed,No,K,≤2 months ago
X,11S,11/340/2 SHOWER,Shower,Staff and patient,30,Pipe (flexible),Copper,PVC,Single lever sequential,TMV3,Shower,Flow Straightner,Trevi,CTV (A3085AA),Central,No,Thermostatic mixing tap,Mixed,No,J,≤2 months ago
X,11S,11/340/2 WHB,Tap & Sink,Staff and patient,23,Pipe (flexible),Copper,PVC,Dual lever,TMV3,Individual tap,Flow Straightner,Armitage Shanks,Pillar Taps (S7185AA),Central,No,Manual mixing taps,Mixed,No,G,≤2 months ago
X,11S,11/340/1 WHB,Tap & Sink,Staff and patient,35,Pipe (flexible),Copper,PVC,Single lever sequential,TMV3,Mixer tap,Flow Straightner,Armitage Shanks,Markwik Sequential (S8247AA),Central,No,Thermostatic mixing tap,Mixed,No,K,≤2 months ago
X,11S,11/340 WHB,Tap & Sink,Staff only,28,Pipe (flexible),Copper,PVC,Single lever sequential,TMV3,Mixer tap,Flow Straightner,Armitage Shanks,Markwik Sequential (S8247AA),Central,No,Thermostatic mixing tap,Mixed,No,K,≤2 months ago
X,11S,11/339/2 SHOWER,Shower,Staff and patient,37,Pipe (flexible),Copper,PVC,Single lever sequential,TMV3,Shower,Flow Straightner,Trevi,CTV (A3085AA),Central,No,Thermostatic mixing tap,Mixed,No,J,≤2 months ago
X,11S,11/339/2 WHB,Tap & Sink,Staff and patient,23,Pipe (flexible),Copper,PVC,Dual lever,TMV3,Individual tap,Flow Straightner,Armitage Shanks,Pillar Taps (S7185AA),Central,No,Manual mixing taps,Mixed,No,G,≤2 months ago
X,11S,11/339/1 WHB,Tap & Sink,Staff and patient,26,Pipe (flexible),Copper,PVC,Single lever sequential,TMV3,Mixer tap,Flow Straightner,Armitage Shanks,Markwik Sequential (S8247AA),Central,No,Thermostatic mixing tap,Mixed,No,K,≤2 months ago
X,11S,11/339 WHB,Tap & Sink,Staff only,31,Pipe (flexible),Copper,PVC,Single lever sequential,TMV3,Mixer tap,Flow Straightner,Armitage Shanks,Markwik Sequential (S8247AA),Central,No,Thermostatic mixing tap,Mixed,No,K,≤2 months ago
X,11S,11/338/2 SHOWER,Shower,Staff and patient,24,Pipe (flexible),Copper,PVC,Single lever sequential,TMV3,Shower,Flow Straightner,Trevi,CTV (A3085AA),Central,No,Thermostatic mixing tap,Mixed,No,J,≤2 months ago
X,11S,11/338/2 WHB,Tap & Sink,Staff and patient,29,Pipe (flexible),Copper,PVC,Dual lever,TMV3,Individual tap,Flow Straightner,Armitage Shanks,Pillar Taps (S7185AA),Central,No,Manual mixing taps,Mixed,No,G,≤2 months ago
X,11S,11/338/1 WHB,Tap & Sink,Staff and patient,29,Pipe (flexible),Copper,PVC,Single lever sequential,TMV3,Mixer tap,Flow Straightner,Armitage Shanks,Markwik Sequential (S8247AA),Central,No,Thermostatic mixing tap,Mixed,No,K,≤2 months ago
X,11S,11/338 WHB,Tap & Sink,Staff only,31,Pipe (flexible),Copper,PVC,Single lever sequential,TMV3,Mixer tap,Flow Straightner,Armitage Shanks,Markwik Sequential (S8247AA),Central,No,Thermostatic mixing tap,Mixed,No,K,≤2 months ago
X,11S,11/337/2 SHOWER,Shower,Staff and patient,42,Pipe (flexible),Copper,PVC,Single lever sequential,TMV3,Shower,Flow Straightner,Trevi,CTV (A3085AA),Central,No,Thermostatic mixing tap,Mixed,No,J,≤2 months ago
X,11S,11/337/2 WHB,Tap & Sink,Staff and patient,23,Pipe (flexible),Copper,PVC,Dual lever,TMV3,Individual tap,Flow Straightner,Armitage Shanks,Pillar Taps (S7185AA),Central,No,Manual mixing taps,Mixed,No,G,≤2 months ago
X,11S,11/337/1 WHB,Tap & Sink,Staff and patient,24,Pipe (flexible),Copper,PVC,Single lever sequential,TMV3,Mixer tap,Flow Straightner,Armitage Shanks,Markwik Sequential (S8247AA),Central,No,Thermostatic mixing tap,Mixed,No,K,≤2 months ago
X,11S,11/337 WHB,Tap & Sink,Staff only,24,Pipe (flexible),Copper,PVC,Single lever sequential,TMV3,Mixer tap,Flow Straightner,Armitage Shanks,Markwik Sequential (S8247AA),Central,No,Thermostatic mixing tap,Mixed,No,K,≤2 months ago
X,11S,11/336/2 SHOWER,Shower,Staff and patient,29,Pipe (flexible),Copper,PVC,Single lever sequential,TMV3,Shower,Flow Straightner,Trevi,CTV (A3085AA),Central,No,Thermostatic mixing tap,Mixed,No,J,≤2 months ago
X,11S,11/336/2 WHB,Tap & Sink,Staff and patient,23,Pipe (flexible),Copper,PVC,Dual lever,TMV3,Individual tap,Flow Straightner,Armitage Shanks,Pillar Taps (S7185AA),Central,No,Manual mixing taps,Mixed,No,G,≤2 months ago
X,11S,11/336/1 WHB,Tap & Sink,Staff and patient,29,Pipe (flexible),Copper,PVC,Single lever sequential,TMV3,Mixer tap,Flow Straightner,Armitage Shanks,Markwik Sequential (S8247AA),Central,No,Thermostatic mixing tap,Mixed,No,K,≤2 months ago
X,11S,11/335/2 SHOWER,Shower,Staff and patient,27,Pipe (flexible),Copper,PVC,Single lever sequential,TMV3,Shower,Flow Straightner,Trevi,CTV (A3085AA),Central,No,Thermostatic mixing tap,Mixed,No,J,≤2 months ago
X,11S,11/335/2 WHB,Tap & Sink,Staff and patient,18,Pipe (flexible),Copper,PVC,Dual lever,TMV3,Individual tap,Flow Straightner,Armitage Shanks,Pillar Taps (S7185AA),Central,No,Manual mixing taps,Mixed,No,G,≤2 months ago
X,11S,11/335/1 WHB,Tap & Sink,Staff and patient,30,Pipe (flexible),Copper,PVC,Single lever sequential,TMV3,Mixer tap,Flow Straightner,Armitage Shanks,Markwik Sequential (S8247AA),Central,No,Thermostatic mixing tap,Mixed,No,K,≤2 months ago
X,11S,11/334 WHB,Tap & Sink,Staff only,28,Pipe (flexible),Copper,PVC,Single lever sequential,TMV3,Mixer tap,Flow Straightner,Armitage Shanks,Markwik Sequential (S8247AA),Central,No,Thermostatic mixing tap,Mixed,No,K,≤2 months ago
X,11S,11/333/2 SHOWER,Shower,Staff and patient,15,Pipe (flexible),Copper,PVC,Single lever sequential,TMV3,Shower,Flow Straightner,Trevi,CTV (A3085AA),Central,No,Thermostatic mixing tap,Mixed,No,J,≤2 months ago
X,11S,11/333/2 WHB,Tap & Sink,Staff and patient,26,Pipe (flexible),Copper,PVC,Dual lever,TMV3,Individual tap,Flow Straightner,Armitage Shanks,Pillar Taps (S7185AA),Central,No,Manual mixing taps,Mixed,No,G,≤2 months ago
X,11S,11/333/1 WHB,Tap & Sink,Staff and patient,26,Pipe (flexible),Copper,PVC,Single lever sequential,TMV3,Mixer tap,Flow Straightner,Armitage Shanks,Markwik Sequential (S8247AA),Central,No,Thermostatic mixing tap,Mixed,No,K,≤2 months ago
X,11S,11/333 WHB,Tap & Sink,Staff only,26,Pipe (flexible),Copper,PVC,Single lever sequential,TMV3,Mixer tap,Flow Straightner,Armitage Shanks,Markwik Sequential (S8247AA),Central,No,Thermostatic mixing tap,Mixed,No,K,≤2 months ago
X,11S,11/332/2 SHOWER,Shower,Staff and patient,28,Pipe (flexible),Copper,PVC,Single lever sequential,TMV3,Shower,Flow Straightner,Trevi,CTV (A3085AA),Central,No,Thermostatic mixing tap,Mixed,No,J,≤2 months ago
X,11S,11/332/2 WHB,Tap & Sink,Staff and patient,21,Pipe (flexible),Copper,PVC,Dual lever,TMV3,Individual tap,Flow Straightner,Armitage Shanks,Pillar Taps (S7185AA),Central,No,Manual mixing taps,Mixed,No,G,≤2 months ago
X,11S,11/332/1 WHB,Tap & Sink,Staff and patient,26,Pipe (flexible),Copper,PVC,Single lever sequential,TMV3,Mixer tap,Flow Straightner,Armitage Shanks,Markwik Sequential (S8247AA),Central,No,Thermostatic mixing tap,Mixed,No,K,≤2 months ago
X,11S,11/332 WHB,Tap & Sink,Staff only,26,Pipe (flexible),Copper,PVC,Single lever sequential,TMV3,Mixer tap,Flow Straightner,Armitage Shanks,Markwik Sequential (S8247AA),Central,No,Thermostatic mixing tap,Mixed,No,K,≤2 months ago
X,11S,11/331/2 SHOWER,Shower,Staff and patient,33,Pipe (flexible),Copper,PVC,Single lever sequential,TMV3,Shower,Flow Straightner,Trevi,CTV (A3085AA),Central,No,Thermostatic mixing tap,Mixed,No,J,≤2 months ago
X,11S,11/331/2 WHB,Tap & Sink,Staff and patient,23,Pipe (flexible),Copper,PVC,Dual lever,TMV3,Individual tap,Flow Straightner,Armitage Shanks,Pillar Taps (S7185AA),Central,No,Manual mixing taps,Mixed,No,G,≤2 months ago
X,11S,11/331/1 WHB,Tap & Sink,Staff and patient,33,Pipe (flexible),Copper,PVC,Single lever sequential,TMV3,Mixer tap,Flow Straightner,Armitage Shanks,Markwik Sequential (S8247AA),Central,No,Thermostatic mixing tap,Mixed,No,K,≤2 months ago
X,11S,11/331 WHB,Tap & Sink,Staff only,30,Pipe (flexible),Copper,PVC,Single lever sequential,TMV3,Mixer tap,Flow Straightner,Armitage Shanks,Markwik Sequential (S8247AA),Central,No,Thermostatic mixing tap,Mixed,No,K,≤2 months ago
X,11S,11/328/2 SHOWER,Shower,Staff and patient,28,Pipe (flexible),Copper,PVC,Single lever sequential,TMV3,Shower,Flow Straightner,Trevi,CTV (A3085AA),Central,No,Thermostatic mixing tap,Mixed,No,J,≤2 months ago
X,11S,11/328/2 WHB,Tap & Sink,Staff and patient,28,Pipe (flexible),Copper,PVC,Dual lever,TMV3,Individual tap,Flow Straightner,Armitage Shanks,Pillar Taps (S7185AA),Central,No,Manual mixing taps,Mixed,No,G,≤2 months ago
X,11S,11/328/1 WHB,Tap & Sink,Staff and patient,32,Pipe (flexible),Copper,PVC,Single lever sequential,TMV3,Mixer tap,Flow Straightner,Armitage Shanks,Markwik Sequential (S8247AA),Central,No,Thermostatic mixing tap,Mixed,No,K,≤2 months ago
X,11S,11/328 WHB,Tap & Sink,Staff only,33,Pipe (flexible),Copper,PVC,Single lever sequential,TMV3,Mixer tap,Flow Straightner,Armitage Shanks,Markwik Sequential (S8247AA),Central,No,Thermostatic mixing tap,Mixed,No,K,≤2 months ago
X,11S,11/327/2 SHOWER,Shower,Staff and patient,26,Pipe (flexible),Copper,PVC,Single lever sequential,TMV3,Shower,Flow Straightner,Trevi,CTV (A3085AA),Central,No,Thermostatic mixing tap,Mixed,No,J,≤2 months ago
X,11S,11/327/2 WHB,Tap & Sink,Staff and patient,22,Pipe (flexible),Copper,PVC,Dual lever,TMV3,Individual tap,Flow Straightner,Armitage Shanks,Pillar Taps (S7185AA),Central,No,Manual mixing taps,Mixed,No,G,≤2 months ago
X,11S,11/327/1 WHB,Tap & Sink,Staff and patient,24,Pipe (flexible),Copper,PVC,Single lever sequential,TMV3,Mixer tap,Flow Straightner,Armitage Shanks,Markwik Sequential (S8247AA),Central,No,Thermostatic mixing tap,Mixed,No,K,≤2 months ago
X,11S,11/327 WHB,Tap & Sink,Staff only,25,Pipe (flexible),Copper,PVC,Single lever sequential,TMV3,Mixer tap,Flow Straightner,Armitage Shanks,Markwik Sequential (S8247AA),Central,No,Thermostatic mixing tap,Mixed,No,K,≤2 months ago
X,11S,11/326/2 SHOWER,Shower,Staff and patient,17,Pipe (flexible),Copper,PVC,Single lever sequential,TMV3,Shower,Flow Straightner,Trevi,CTV (A3085AA),Central,No,Thermostatic mixing tap,Mixed,No,J,≤2 months ago
X,11S,11/326/2 WHB,Tap & Sink,Staff and patient,22,Pipe (flexible),Copper,PVC,Dual lever,TMV3,Individual tap,Flow Straightner,Armitage Shanks,Pillar Taps (S7185AA),Central,No,Manual mixing taps,Mixed,No,G,≤2 months ago
X,11S,11/326/1 WHB,Tap & Sink,Staff and patient,32,Pipe (flexible),Copper,PVC,Single lever sequential,TMV3,Mixer tap,Flow Straightner,Armitage Shanks,Markwik Sequential (S8247AA),Central,No,Thermostatic mixing tap,Mixed,No,K,≤2 months ago
X,11S,11/326 WHB,Tap & Sink,Staff only,28,Pipe (flexible),Copper,PVC,Single lever sequential,TMV3,Mixer tap,Flow Straightner,Armitage Shanks,Markwik Sequential (S8247AA),Central,No,Thermostatic mixing tap,Mixed,No,K,≤2 months ago
X,11S,11/325/2 SHOWER,Shower,Staff and patient,31,Pipe (flexible),Copper,PVC,Single lever sequential,TMV3,Shower,Flow Straightner,Trevi,CTV (A3085AA),Central,No,Thermostatic mixing tap,Mixed,No,J,≤2 months ago
X,11S,11/325/2 WHB,Tap & Sink,Staff and patient,19,Pipe (flexible),Copper,PVC,Dual lever,TMV3,Individual tap,Flow Straightner,Armitage Shanks,Pillar Taps (S7185AA),Central,No,Manual mixing taps,Mixed,No,G,≤2 months ago
X,11S,11/325/1 WHB,Tap & Sink,Staff and patient,26,Pipe (flexible),Copper,PVC,Single lever sequential,TMV3,Mixer tap,Flow Straightner,Armitage Shanks,Markwik Sequential (S8247AA),Central,No,Thermostatic mixing tap,Mixed,No,K,≤2 months ago
X,11S,11/325 WHB,Tap & Sink,Staff only,28,Pipe (flexible),Copper,PVC,Single lever sequential,TMV3,Mixer tap,Flow Straightner,Armitage Shanks,Markwik Sequential (S8247AA),Central,No,Thermostatic mixing tap,Mixed,No,K,≤2 months ago
X,11 East,11/212 WHB,Tap & Sink,Staff and patient,32,Pipe (flexible),Copper,PVC,Single lever sequential,TMV3,Mixer tap,Flow Straightner,Armitage Shanks,Markwik Sequential (S8247AA),Central,No,Thermostatic mixing tap,Mixed,No,K,≤2 months ago
X,11 East,11/205 WHB,Tap & Sink,Staff only,29,Pipe (flexible),Copper,PVC,Single lever sequential,TMV3,Mixer tap,Flow Straightner,Armitage Shanks,unknown,Central,No,Thermostatic mixing tap,Mixed,No,L,≤2 months ago
X,11 East,11/251 SHOWER,Shower,Staff and patient,34,Pipe (flexible),Copper,PVC,Single lever sequential,TMV3,Shower,Flow Straightner,Sirrus,unknown,Central,No,Thermostatic mixing tap,Mixed,No,M,≤2 months ago
X,11 East,11/251 WHB,Tap & Sink,Staff and patient,37,Pipe (flexible),Copper,PVC,Dual lever,TMV3,Individual tap,Flow Straightner,Armitage Shanks,Pillar Taps (S7185AA),Central,No,Manual mixing taps,Mixed,No,G,≤2 months ago
X,11 East,11/250 WHB,Tap & Sink,Staff only,35,Pipe (flexible),Copper,PVC,Single lever sequential,TMV3,Mixer tap,Flow Straightner,Armitage Shanks,Markwik Sequential (S8247AA),Central,No,Thermostatic mixing tap,Mixed,No,K,≤2 months ago
X,11 East,11/249 SHOWER,Shower,Staff and patient,34,Pipe (flexible),Copper,PVC,Single lever sequential,TMV3,Shower,Flow Straightner,Sirrus,unknown,Central,No,Thermostatic mixing tap,Mixed,No,M,≤2 months ago
X,11 East,11/249 WHB,Tap & Sink,Staff and patient,21,Pipe (flexible),Copper,PVC,Dual lever,TMV3,Individual tap,Flow Straightner,Armitage Shanks,Pillar Taps (S7185AA),Central,No,Manual mixing taps,Mixed,No,G,≤2 months ago
X,11 East,11/248 WHB,Tap & Sink,Staff only,27,Pipe (flexible),Copper,PVC,Single lever sequential,TMV3,Mixer tap,Flow Straightner,Armitage Shanks,Markwik Sequential (S8247AA),Central,No,Thermostatic mixing tap,Mixed,No,K,≤2 months ago
X,11 East,11/245 SHOWER,Shower,Staff and patient,45,Pipe (flexible),Copper,PVC,Single lever sequential,TMV3,Shower,Flow Straightner,Sirrus,unknown,Central,No,Thermostatic mixing tap,Mixed,No,M,≤2 months ago
X,11 East,11/245 WHB,Tap & Sink,Staff and patient,22,Pipe (flexible),Copper,PVC,Dual lever,TMV3,Individual tap,Flow Straightner,Armitage Shanks,Pillar Taps (S7185AA),Central,No,Manual mixing taps,Mixed,No,G,≤2 months ago
X,11 East,11/247 WHB,Tap & Sink,Staff only,31,Pipe (flexible),Copper,PVC,Single lever sequential,TMV3,Mixer tap,Flow Straightner,Armitage Shanks,Markwik Sequential (S8247AA),Central,No,Thermostatic mixing tap,Mixed,No,K,≤2 months ago
X,11 East,11/244 SHOWER,Shower,Staff and patient,32,Pipe (flexible),Copper,PVC,Single lever sequential,TMV3,Shower,Flow Straightner,Sirrus,unknown,Central,No,Thermostatic mixing tap,Mixed,No,M,≤2 months ago
X,11 East,11/244 WHB,Tap & Sink,Staff and patient,22,Pipe (flexible),Copper,PVC,Dual lever,TMV3,Individual tap,Flow Straightner,Armitage Shanks,Pillar Taps (S7185AA),Central,No,Manual mixing taps,Mixed,No,G,≤2 months ago
X,11 East,11/243 WHB,Tap & Sink,Staff only,26,Pipe (flexible),Copper,PVC,Single lever sequential,TMV3,Mixer tap,Flow Straightner,Armitage Shanks,Markwik Sequential (S8247AA),Central,No,Thermostatic mixing tap,Mixed,No,K,≤2 months ago
X,11 East,11/242 SHOWER,Shower,Staff and patient,30,Pipe (flexible),Copper,PVC,Single lever sequential,TMV3,Shower,Flow Straightner,Sirrus,unknown,Central,No,Thermostatic mixing tap,Mixed,No,M,≤2 months ago
X,11 East,11/242 WHB,Tap & Sink,Staff and patient,26,Pipe (flexible),Copper,PVC,Dual lever,TMV3,Individual tap,Flow Straightner,Armitage Shanks,Pillar Taps (S7185AA),Central,No,Manual mixing taps,Mixed,No,G,≤2 months ago
X,11 East,11/241 WHB,Tap & Sink,Staff only,30,Pipe (flexible),Copper,PVC,Single lever sequential,TMV3,Mixer tap,Flow Straightner,Armitage Shanks,Markwik Sequential (S8247AA),Central,No,Thermostatic mixing tap,Mixed,No,K,≤2 months ago
X,11 East,11/239/1 SHOWER,Shower,Staff and patient,35,Pipe (flexible),Copper,PVC,Single lever sequential,TMV3,Shower,Flow Straightner,Sirrus,unknown,Central,No,Thermostatic mixing tap,Mixed,No,M,≤2 months ago
X,11 East,11/239/1 WHB,Tap & Sink,Staff and patient,23,Pipe (flexible),Copper,PVC,Dual lever,TMV3,Individual tap,Flow Straightner,Armitage Shanks,Pillar Taps (S7185AA),Central,No,Manual mixing taps,Mixed,No,G,≤2 months ago
X,11 East,11/239 WHB,Tap & Sink,Staff only,32,Pipe (flexible),Copper,PVC,Single lever sequential,TMV3,Mixer tap,Flow Straightner,Armitage Shanks,Markwik Sequential (S8247AA),Central,No,Thermostatic mixing tap,Mixed,No,K,≤2 months ago
X,11 East,11/237 SHOWER,Shower,Staff and patient,33,Pipe (flexible),Copper,PVC,Single lever sequential,TMV3,Shower,Flow Straightner,Sirrus,unknown,Central,No,Thermostatic mixing tap,Mixed,No,M,≤2 months ago
X,11 East,11/237 WHB,Tap & Sink,Staff and patient,28,Pipe (flexible),Copper,PVC,Dual lever,TMV3,Individual tap,Flow Straightner,Armitage Shanks,Pillar Taps (S7185AA),Central,No,Manual mixing taps,Mixed,No,G,≤2 months ago
X,11 East,11/235 WHB,Tap & Sink,Staff only,33,Pipe (flexible),Copper,PVC,Single lever sequential,TMV3,Mixer tap,Flow Straightner,Armitage Shanks,Markwik Sequential (S8247AA),Central,No,Thermostatic mixing tap,Mixed,No,K,≤2 months ago
X,11 East,11/234 WHB,Tap & Sink,Staff only,31,Pipe (flexible),Copper,PVC,Single lever sequential,TMV3,Mixer tap,Flow Straightner,Armitage Shanks,Markwik Sequential (S8247AA),Central,No,Thermostatic mixing tap,Mixed,No,K,≤2 months ago
X,11 East,11/231 SHOWER,Shower,Staff and patient,32,Pipe (flexible),Copper,PVC,Single lever sequential,TMV3,Shower,Flow Straightner,Sirrus,unknown,Central,No,Thermostatic mixing tap,Mixed,No,M,≤2 months ago
X,11 East,11/231 WHB,Tap & Sink,Staff and patient,23,Pipe (flexible),Copper,PVC,Dual lever,TMV3,Individual tap,Flow Straightner,Armitage Shanks,Pillar Taps (S7185AA),Central,No,Manual mixing taps,Mixed,No,G,≤2 months ago
X,11 East,11/229/1 SHOWER,Shower,Staff and patient,34,Pipe (flexible),Copper,PVC,Single lever sequential,TMV3,Shower,Flow Straightner,Sirrus,unknown,Central,No,Thermostatic mixing tap,Mixed,No,M,≤2 months ago
X,11 East,11/229/1 WHB,Tap & Sink,Staff and patient,21,Pipe (flexible),Copper,PVC,Dual lever,TMV3,Individual tap,Flow Straightner,Armitage Shanks,Pillar Taps (S7185AA),Central,No,Manual mixing taps,Mixed,No,G,≤2 months ago
X,11 East,11/229 WHB,Tap & Sink,Staff only,34,Pipe (flexible),Copper,PVC,Single lever sequential,TMV3,Mixer tap,Flow Straightner,Armitage Shanks,Markwik Pillar Mixer (S8238AA),Central,No,Thermostatic mixing tap,Mixed,No,H,≤2 months ago
X,11 East,11/226 SHOWER,Shower,Staff and patient,33,Pipe (flexible),Copper,PVC,Single lever sequential,TMV3,Shower,Flow Straightner,Sirrus,unknown,Central,No,Thermostatic mixing tap,Mixed,No,M,≤2 months ago
X,11 East,11/226 WHB,Tap & Sink,Staff and patient,20,Pipe (flexible),Copper,PVC,Dual lever,TMV3,Individual tap,Flow Straightner,Armitage Shanks,Pillar Taps (S7185AA),Central,No,Manual mixing taps,Mixed,No,G,≤2 months ago
X,11 East,11/228 WHB,Tap & Sink,Staff only,29,Pipe (flexible),Copper,PVC,Single lever sequential,TMV3,Mixer tap,Flow Straightner,Armitage Shanks,Markwik Pillar Mixer (S8238AA),Central,No,Thermostatic mixing tap,Mixed,No,H,≤2 months ago
X,11 East,11/227 SHOWER,Shower,Staff and patient,30,Pipe (flexible),Copper,PVC,Single lever sequential,TMV3,Shower,Flow Straightner,Sirrus,unknown,Central,No,Thermostatic mixing tap,Mixed,No,M,≤2 months ago
X,11 East,11/227 WHB,Tap & Sink,Staff and patient,24,Pipe (flexible),Copper,PVC,Dual lever,TMV3,Individual tap,Flow Straightner,Armitage Shanks,Pillar Taps (S7185AA),Central,No,Manual mixing taps,Mixed,No,G,≤2 months ago
X,11 East,11/225 WHB,Tap & Sink,Staff only,30,Pipe (flexible),Copper,PVC,Single lever sequential,TMV3,Mixer tap,Flow Straightner,Armitage Shanks,Markwik Sequential (S8247AA),Central,No,Thermostatic mixing tap,Mixed,No,K,≤2 months ago
X,12W,12/447 SHOWER,Shower,Staff and patient,27,Pipe (flexible),Copper,PVC,Single lever sequential,TMV3,Shower,Flow Straightner,Trevi,CTV (A3085AA),Central,No,Thermostatic mixing tap,Mixed,No,J,≤2 months ago
X,12W,12/447 WHB,Tap & Sink,Staff and patient,28,Pipe (flexible),Copper,PVC,Single lever sequential,TMV3,Mixer tap,Flow Straightner,Armitage Shanks,unknown,Central,No,Thermostatic mixing tap,Mixed,No,L,≤2 months ago
X,12W,12/446 WHB,Tap & Sink,Staff and patient,31,Pipe (flexible),Copper,PVC,Single lever sequential,TMV3,Mixer tap,Flow Straightner,Armitage Shanks,Markwik Sequential (S8247AA),Central,No,Thermostatic mixing tap,Mixed,No,K,≤2 months ago
X,12W,12/444 SHOWER,Shower,Staff and patient,29,Pipe (flexible),Copper,PVC,Single lever sequential,TMV3,Shower,Flow Straightner,Trevi,CTV (A3085AA),Central,No,Thermostatic mixing tap,Mixed,No,J,≤2 months ago
X,12W,12/444 WHB,Tap & Sink,Staff and patient,33,Pipe (flexible),Copper,PVC,Single lever sequential,TMV3,Mixer tap,Flow Straightner,Armitage Shanks,unknown,Central,No,Thermostatic mixing tap,Mixed,No,L,≤2 months ago
X,12W,12/445 WHB,Tap & Sink,Staff and patient,30,Pipe (flexible),Copper,PVC,Single lever sequential,TMV3,Mixer tap,Flow Straightner,Armitage Shanks,Markwik Sequential (S8247AA),Central,No,Thermostatic mixing tap,Mixed,No,K,≤2 months ago
X,12W,12/443 SHOWER,Shower,Staff and patient,22,Pipe (flexible),Copper,PVC,Single lever sequential,TMV3,Shower,Flow Straightner,Trevi,CTV (A3085AA),Central,No,Thermostatic mixing tap,Mixed,No,J,≤2 months ago
X,12W,12/443 WHB,Tap & Sink,Staff and patient,27,Pipe (flexible),Copper,PVC,Single lever sequential,TMV3,Mixer tap,Flow Straightner,Armitage Shanks,unknown,Central,No,Thermostatic mixing tap,Mixed,No,L,≤2 months ago
X,12W,12/442 WHB,Tap & Sink,Staff and patient,26,Pipe (flexible),Copper,PVC,Single lever sequential,TMV3,Mixer tap,Flow Straightner,Armitage Shanks,Markwik Sequential (S8247AA),Central,No,Thermostatic mixing tap,Mixed,No,K,≤2 months ago
X,12W,12/440 SHOWER,Shower,Staff and patient,37,Pipe (flexible),Copper,PVC,Single lever sequential,TMV3,Shower,Flow Straightner,Trevi,CTV (A3085AA),Central,No,Thermostatic mixing tap,Mixed,No,J,≤2 months ago
X,12W,12/440 WHB,Tap & Sink,Staff and patient,29,Pipe (flexible),Copper,PVC,Single lever sequential,TMV3,Mixer tap,Flow Straightner,Armitage Shanks,unknown,Central,No,Thermostatic mixing tap,Mixed,No,L,≤2 months ago
X,12W,12/441 WHB,Tap & Sink,Staff and patient,25,Pipe (flexible),Copper,PVC,Single lever sequential,TMV3,Mixer tap,Flow Straightner,Armitage Shanks,Markwik Sequential (S8247AA),Central,No,Thermostatic mixing tap,Mixed,No,K,≤2 months ago
X,12W,12/439 SHOWER,Shower,Staff and patient,32,Pipe (flexible),Copper,PVC,Single lever sequential,TMV3,Shower,Flow Straightner,Trevi,CTV (A3085AA),Central,No,Thermostatic mixing tap,Mixed,No,J,≤2 months ago
X,12W,12/439 WHB,Tap & Sink,Staff and patient,26,Pipe (flexible),Copper,PVC,Single lever sequential,TMV3,Mixer tap,Flow Straightner,Armitage Shanks,unknown,Central,No,Thermostatic mixing tap,Mixed,No,L,≤2 months ago
X,12W,12/438 WHB,Tap & Sink,Staff and patient,26,Pipe (flexible),Copper,PVC,Single lever sequential,TMV3,Mixer tap,Flow Straightner,Armitage Shanks,Markwik Sequential (S8247AA),Central,No,Thermostatic mixing tap,Mixed,No,K,≤2 months ago
X,12W,12/436 SHOWER,Shower,Staff and patient,28,Pipe (flexible),Copper,PVC,Single lever sequential,TMV3,Shower,Flow Straightner,Trevi,CTV (A3085AA),Central,No,Thermostatic mixing tap,Mixed,No,J,≤2 months ago
X,12W,12/436 WHB,Tap & Sink,Staff and patient,26,Pipe (flexible),Copper,PVC,Single lever sequential,TMV3,Mixer tap,Flow Straightner,Armitage Shanks,unknown,Central,No,Thermostatic mixing tap,Mixed,No,L,≤2 months ago
X,12W,12/437 WHB,Tap & Sink,Staff and patient,26,Pipe (flexible),Copper,PVC,Single lever sequential,TMV3,Mixer tap,Flow Straightner,Armitage Shanks,Markwik Sequential (S8247AA),Central,No,Thermostatic mixing tap,Mixed,No,K,≤2 months ago
X,12W,12/435 SHOWER,Shower,Staff and patient,39,Pipe (flexible),Copper,PVC,Single lever sequential,TMV3,Shower,Flow Straightner,Trevi,CTV (A3085AA),Central,No,Thermostatic mixing tap,Mixed,No,J,≤2 months ago
X,12W,12/435 WHB,Tap & Sink,Staff and patient,25,Pipe (flexible),Copper,PVC,Single lever sequential,TMV3,Mixer tap,Flow Straightner,Armitage Shanks,unknown,Central,No,Thermostatic mixing tap,Mixed,No,L,≤2 months ago
X,12W,12/434 WHB,Tap & Sink,Staff and patient,26,Pipe (flexible),Copper,PVC,Single lever sequential,TMV3,Mixer tap,Flow Straightner,Armitage Shanks,Markwik Sequential (S8247AA),Central,No,Thermostatic mixing tap,Mixed,No,K,≤2 months ago
X,12W,12/433 SHOWER,Shower,Staff and patient,31,Pipe (flexible),Copper,PVC,Single lever sequential,TMV3,Shower,Flow Straightner,Trevi,CTV (A3085AA),Central,No,Thermostatic mixing tap,Mixed,No,J,≤2 months ago
X,12W,12/433 WHB,Tap & Sink,Staff and patient,24,Pipe (flexible),Copper,PVC,Single lever sequential,TMV3,Mixer tap,Flow Straightner,Armitage Shanks,unknown,Central,No,Thermostatic mixing tap,Mixed,No,L,≤2 months ago
X,12W,12/432 WHB,Tap & Sink,Staff and patient,27,Pipe (flexible),Copper,PVC,Single lever sequential,TMV3,Mixer tap,Flow Straightner,Armitage Shanks,Markwik Sequential (S8247AA),Central,No,Thermostatic mixing tap,Mixed,No,K,≤2 months ago
X,12W,12/430 SHOWER,Shower,Staff and patient,28,Pipe (flexible),Copper,PVC,Single lever sequential,TMV3,Shower,Flow Straightner,Trevi,CTV (A3085AA),Central,No,Thermostatic mixing tap,Mixed,No,J,≤2 months ago
X,12W,12/430 WHB,Tap & Sink,Staff and patient,28,Pipe (flexible),Copper,PVC,Single lever sequential,TMV3,Mixer tap,Flow Straightner,Armitage Shanks,unknown,Central,No,Thermostatic mixing tap,Mixed,No,L,≤2 months ago
X,12W,12/431 WHB,Tap & Sink,Staff and patient,24,Pipe (flexible),Copper,PVC,Single lever sequential,TMV3,Mixer tap,Flow Straightner,Armitage Shanks,Markwik Sequential (S8247AA),Central,No,Thermostatic mixing tap,Mixed,No,K,≤2 months ago
X,12W,12/429 SHOWER,Shower,Staff and patient,29,Pipe (flexible),Copper,PVC,Single lever sequential,TMV3,Shower,Flow Straightner,Trevi,CTV (A3085AA),Central,No,Thermostatic mixing tap,Mixed,No,J,≤2 months ago
X,12W,12/429 WHB,Tap & Sink,Staff and patient,28,Pipe (flexible),Copper,PVC,Single lever sequential,TMV3,Mixer tap,Flow Straightner,Armitage Shanks,unknown,Central,No,Thermostatic mixing tap,Mixed,No,L,≤2 months ago
X,12W,12/428 WHB,Tap & Sink,Staff and patient,30,Pipe (flexible),Copper,PVC,Single lever sequential,TMV3,Mixer tap,Flow Straightner,Armitage Shanks,Markwik Sequential (S8247AA),Central,No,Thermostatic mixing tap,Mixed,No,K,≤2 months ago
X,12W,12/426 SHOWER,Shower,Staff and patient,28,Pipe (flexible),Copper,PVC,Single lever sequential,TMV3,Shower,Flow Straightner,Trevi,CTV (A3085AA),Central,No,Thermostatic mixing tap,Mixed,No,J,≤2 months ago
X,12W,12/426 WHB,Tap & Sink,Staff and patient,21,Pipe (flexible),Copper,PVC,Single lever sequential,TMV3,Mixer tap,Flow Straightner,Armitage Shanks,unknown,Central,No,Thermostatic mixing tap,Mixed,No,L,≤2 months ago
X,12W,12/424 SHOWER,Shower,Staff and patient,27,Pipe (flexible),Copper,PVC,Single lever sequential,TMV3,Shower,Flow Straightner,Trevi,CTV (A3085AA),Central,No,Thermostatic mixing tap,Mixed,No,J,≤2 months ago
X,12W,12/424 WHB,Tap & Sink,Staff and patient,25,Pipe (flexible),Copper,PVC,Single lever sequential,TMV3,Mixer tap,Flow Straightner,Armitage Shanks,unknown,Central,No,Thermostatic mixing tap,Mixed,No,L,≤2 months ago
X,12W,12/423 WHB,Tap & Sink,Staff and patient,30,Pipe (flexible),Copper,PVC,Single lever sequential,TMV3,Mixer tap,Flow Straightner,Armitage Shanks,Markwik Sequential (S8247AA),Central,No,Thermostatic mixing tap,Mixed,No,K,≤2 months ago
X,12W,12/421 SHOWER,Shower,Staff and patient,28,Pipe (flexible),Copper,PVC,Single lever sequential,TMV3,Shower,Flow Straightner,Trevi,CTV (A3085AA),Central,No,Thermostatic mixing tap,Mixed,No,J,≤2 months ago
X,12W,12/421 WHB,Tap & Sink,Staff and patient,30,Pipe (flexible),Copper,PVC,Single lever sequential,TMV3,Mixer tap,Flow Straightner,Armitage Shanks,unknown,Central,No,Thermostatic mixing tap,Mixed,No,L,≤2 months ago
X,12W,12/422 WHB,Tap & Sink,Staff and patient,33,Pipe (flexible),Copper,PVC,Single lever sequential,TMV3,Mixer tap,Flow Straightner,Armitage Shanks,Markwik Sequential (S8247AA),Central,No,Thermostatic mixing tap,Mixed,No,K,≤2 months ago
X,12W,12/420 SHOWER,Shower,Staff and patient,29,Pipe (flexible),Copper,PVC,Single lever sequential,TMV3,Shower,Flow Straightner,Trevi,CTV (A3085AA),Central,No,Thermostatic mixing tap,Mixed,No,J,≤2 months ago
X,12W,12/420 WHB,Tap & Sink,Staff and patient,23,Pipe (flexible),Copper,PVC,Single lever sequential,TMV3,Mixer tap,Flow Straightner,Armitage Shanks,unknown,Central,No,Thermostatic mixing tap,Mixed,No,L,≤2 months ago
X,12W,12/419 WHB,Tap & Sink,Staff and patient,26,Pipe (flexible),Copper,PVC,Single lever sequential,TMV3,Mixer tap,Flow Straightner,Armitage Shanks,Markwik Sequential (S8247AA),Central,No,Thermostatic mixing tap,Mixed,No,K,≤2 months ago
X,12W,12/417 SHOWER,Shower,Staff and patient,25,Pipe (flexible),Copper,PVC,Single lever sequential,TMV3,Shower,Flow Straightner,Trevi,CTV (A3085AA),Central,No,Thermostatic mixing tap,Mixed,No,J,≤2 months ago
X,12W,12/417 WHB,Tap & Sink,Staff and patient,29,Pipe (flexible),Copper,PVC,Single lever sequential,TMV3,Mixer tap,Flow Straightner,Armitage Shanks,unknown,Central,No,Thermostatic mixing tap,Mixed,No,L,≤2 months ago
X,12W,12/418 WHB,Tap & Sink,Staff and patient,28,Pipe (flexible),Copper,PVC,Single lever sequential,TMV3,Mixer tap,Flow Straightner,Armitage Shanks,unknown,Central,No,Thermostatic mixing tap,Mixed,No,K,≤2 months ago
X,12S,12/350 SHOWER,Shower,Staff and patient,28,Pipe (flexible),Copper,PEX,Single lever sequential,TMV3,Shower,Flow Straightner,Trevi,CTV (A3085AA),Central,No,Thermostatic mixing tap,Mixed,No,J,≤2 months ago
X,12S,12/350 WHB,Tap & Sink,Staff and patient,19,Pipe (flexible),Copper,PEX,Single lever sequential,TMV3,Mixer tap,Flow Straightner,Armitage Shanks,Ideal Standard Silver (E0068AA),Central,No,Thermostatic mixing tap,Mixed,No,I,≤2 months ago
X,12S,12/349 WHB,Tap & Sink,Staff and patient,29,Pipe (flexible),Copper,PEX,Single lever sequential,TMV3,Mixer tap,Flow Straightner,Armitage Shanks,Markwik Pillar Mixer (S8238AA),Central,No,Thermostatic mixing tap,Mixed,No,H,≤2 months ago
X,12S,12/347 SHOWER,Shower,Staff and patient,31,Pipe (flexible),Copper,PEX,Single lever sequential,TMV3,Shower,Flow Straightner,Trevi,CTV (A3085AA),Central,No,Thermostatic mixing tap,Mixed,No,J,≤2 months ago
X,12S,12/347 WHB,Tap & Sink,Staff and patient,26,Pipe (flexible),Copper,PEX,Single lever sequential,TMV3,Mixer tap,Flow Straightner,Armitage Shanks,Ideal Standard Silver (E0068AA),Central,No,Thermostatic mixing tap,Mixed,No,I,≤2 months ago
X,12S,12/348 WHB,Tap & Sink,Staff and patient,29,Pipe (flexible),Copper,PEX,Single lever sequential,TMV3,Mixer tap,Flow Straightner,Armitage Shanks,Markwik Pillar Mixer (S8238AA),Central,No,Thermostatic mixing tap,Mixed,No,H,≤2 months ago
X,12S,12/346 SHOWER,Shower,Staff and patient,29,Pipe (flexible),Copper,PEX,Single lever sequential,TMV3,Shower,Flow Straightner,Trevi,CTV (A3085AA),Central,No,Thermostatic mixing tap,Mixed,No,J,≤2 months ago
X,12S,12/346 WHB,Tap & Sink,Staff and patient,23,Pipe (flexible),Copper,PEX,Single lever sequential,TMV3,Mixer tap,Flow Straightner,Armitage Shanks,Ideal Standard Silver (E0068AA),Central,No,Thermostatic mixing tap,Mixed,No,I,≤2 months ago
X,12S,12/345WHB,Tap & Sink,Staff and patient,37,Pipe (flexible),Copper,PEX,Single lever sequential,TMV3,Mixer tap,Flow Straightner,Armitage Shanks,Markwik Pillar Mixer (S8238AA),Central,No,Thermostatic mixing tap,Mixed,No,H,≤2 months ago
X,12S,12/343 SHOWER,Shower,Staff and patient,30,Pipe (flexible),Copper,PEX,Single lever sequential,TMV3,Shower,Flow Straightner,Trevi,CTV (A3085AA),Central,No,Thermostatic mixing tap,Mixed,No,J,≤2 months ago
X,12S,12/343 WHB,Tap & Sink,Staff and patient,24,Pipe (flexible),Copper,PEX,Single lever sequential,TMV3,Mixer tap,Flow Straightner,Armitage Shanks,Ideal Standard Silver (E0068AA),Central,No,Thermostatic mixing tap,Mixed,No,I,≤2 months ago
X,12S,12/344 WHB,Tap & Sink,Staff and patient,27,Pipe (flexible),Copper,PEX,Single lever sequential,TMV3,Mixer tap,Flow Straightner,Armitage Shanks,Markwik Pillar Mixer (S8238AA),Central,No,Thermostatic mixing tap,Mixed,No,H,≤2 months ago
X,12S,12/342 SHOWER,Shower,Staff and patient,31,Pipe (flexible),Copper,PEX,Single lever sequential,TMV3,Shower,Flow Straightner,Trevi,CTV (A3085AA),Central,No,Thermostatic mixing tap,Mixed,No,J,≤2 months ago
X,12S,12/342 WHB,Tap & Sink,Staff and patient,24,Pipe (flexible),Copper,PEX,Single lever sequential,TMV3,Mixer tap,Flow Straightner,Armitage Shanks,Ideal Standard Silver (E0068AA),Central,No,Thermostatic mixing tap,Mixed,No,I,≤2 months ago
X,12S,12/341 WHB,Tap & Sink,Staff and patient,35,Pipe (flexible),Copper,PEX,Single lever sequential,TMV3,Mixer tap,Flow Straightner,Armitage Shanks,Markwik Pillar Mixer (S8238AA),Central,No,Thermostatic mixing tap,Mixed,No,H,≤2 months ago
X,12S,12/339 SHOWER,Shower,Staff and patient,30,Pipe (flexible),Copper,PEX,Single lever sequential,TMV3,Shower,Flow Straightner,Trevi,CTV (A3085AA),Central,No,Thermostatic mixing tap,Mixed,No,J,≤2 months ago
X,12S,12/339 WHB,Tap & Sink,Staff and patient,29,Pipe (flexible),Copper,PEX,Single lever sequential,TMV3,Mixer tap,Flow Straightner,Armitage Shanks,Ideal Standard Silver (E0068AA),Central,No,Thermostatic mixing tap,Mixed,No,I,≤2 months ago
X,12S,12/340 WHB,Tap & Sink,Staff and patient,30,Pipe (flexible),Copper,PEX,Single lever sequential,TMV3,Mixer tap,Flow Straightner,Armitage Shanks,Markwik Pillar Mixer (S8238AA),Central,No,Thermostatic mixing tap,Mixed,No,H,≤2 months ago
X,12S,12/337 SHOWER,Shower,Staff and patient,31,Pipe (flexible),Copper,PEX,Single lever sequential,TMV3,Shower,Flow Straightner,Trevi,CTV (A3085AA),Central,No,Thermostatic mixing tap,Mixed,No,J,≤2 months ago
X,12S,12/337 WHB,Tap & Sink,Staff and patient,31,Pipe (flexible),Copper,PEX,Single lever sequential,TMV3,Mixer tap,Flow Straightner,Armitage Shanks,Ideal Standard Silver (E0068AA),Central,No,Thermostatic mixing tap,Mixed,No,I,≤2 months ago
X,12S,12/338 WHB,Tap & Sink,Staff and patient,34,Pipe (flexible),Copper,PEX,Single lever sequential,TMV3,Mixer tap,Flow Straightner,Armitage Shanks,Markwik Pillar Mixer (S8238AA),Central,No,Thermostatic mixing tap,Mixed,No,H,≤2 months ago
X,12S,12/336 SHOWER,Shower,Staff and patient,30,Pipe (flexible),Copper,PEX,Single lever sequential,TMV3,Shower,Flow Straightner,Trevi,CTV (A3085AA),Central,No,Thermostatic mixing tap,Mixed,No,J,≤2 months ago
X,12S,12/336 WHB,Tap & Sink,Staff and patient,24,Pipe (flexible),Copper,PEX,Single lever sequential,TMV3,Mixer tap,Flow Straightner,Armitage Shanks,Ideal Standard Silver (E0068AA),Central,No,Thermostatic mixing tap,Mixed,No,I,≤2 months ago
X,12S,12/335 WHB,Tap & Sink,Staff and patient,21,Pipe (flexible),Copper,PEX,Single lever sequential,TMV3,Mixer tap,Flow Straightner,Armitage Shanks,Markwik Pillar Mixer (S8238AA),Central,No,Thermostatic mixing tap,Mixed,No,H,≤2 months ago
X,12S,12/333 SHOWER,Shower,Staff and patient,26,Pipe (flexible),Copper,PEX,Single lever sequential,TMV3,Shower,Flow Straightner,Trevi,CTV (A3085AA),Central,No,Thermostatic mixing tap,Mixed,No,J,≤2 months ago
X,12S,12/333 WHB,Tap & Sink,Staff and patient,28,Pipe (flexible),Copper,PEX,Single lever sequential,TMV3,Mixer tap,Flow Straightner,Armitage Shanks,Ideal Standard Silver (E0068AA),Central,No,Thermostatic mixing tap,Mixed,No,I,≤2 months ago
X,12S,12/334 WHB,Tap & Sink,Staff and patient,30,Pipe (flexible),Copper,PEX,Single lever sequential,TMV3,Mixer tap,Flow Straightner,Armitage Shanks,Markwik Pillar Mixer (S8238AA),Central,No,Thermostatic mixing tap,Mixed,No,H,≤2 months ago
X,12S,12/332 SHOWER,Shower,Staff and patient,37,Pipe (flexible),Copper,PEX,Single lever sequential,TMV3,Shower,Flow Straightner,Trevi,CTV (A3085AA),Central,No,Thermostatic mixing tap,Mixed,No,J,≤2 months ago
X,12S,12/332 WHB,Tap & Sink,Staff and patient,27,Pipe (flexible),Copper,PEX,Single lever sequential,TMV3,Mixer tap,Flow Straightner,Armitage Shanks,Ideal Standard Silver (E0068AA),Central,No,Thermostatic mixing tap,Mixed,No,I,≤2 months ago
X,12S,12/331 WHB,Tap & Sink,Staff and patient,31,Pipe (flexible),Copper,PEX,Single lever sequential,TMV3,Mixer tap,Flow Straightner,Armitage Shanks,Markwik Pillar Mixer (S8238AA),Central,No,Thermostatic mixing tap,Mixed,No,H,≤2 months ago
X,12S,12/329 SHOWER,Shower,Staff and patient,32,Pipe (flexible),Copper,PEX,Single lever sequential,TMV3,Shower,Flow Straightner,Trevi,CTV (A3085AA),Central,No,Thermostatic mixing tap,Mixed,No,J,≤2 months ago
X,12S,12/329 WHB,Tap & Sink,Staff and patient,24,Pipe (flexible),Copper,PEX,Single lever sequential,TMV3,Mixer tap,Flow Straightner,Armitage Shanks,Ideal Standard Silver (E0068AA),Central,No,Thermostatic mixing tap,Mixed,No,I,≤2 months ago
X,12S,12/330 WHB,Tap & Sink,Staff and patient,36,Pipe (flexible),Copper,PEX,Single lever sequential,TMV3,Mixer tap,Flow Straightner,Armitage Shanks,Markwik Pillar Mixer (S8238AA),Central,No,Thermostatic mixing tap,Mixed,No,H,≤2 months ago
X,12S,12/327 SHOWER,Shower,Staff and patient,34,Pipe (flexible),Copper,PEX,Single lever sequential,TMV3,Shower,Flow Straightner,Trevi,CTV (A3085AA),Central,No,Thermostatic mixing tap,Mixed,No,J,≤2 months ago
X,12S,12/327 WHB,Tap & Sink,Staff and patient,23,Pipe (flexible),Copper,PEX,Single lever sequential,TMV3,Mixer tap,Flow Straightner,Armitage Shanks,Ideal Standard Silver (E0068AA),Central,No,Thermostatic mixing tap,Mixed,No,I,≤2 months ago
X,12S,12/328 WHB,Tap & Sink,Staff and patient,25,Pipe (flexible),Copper,PEX,Single lever sequential,TMV3,Mixer tap,Flow Straightner,Armitage Shanks,Markwik Pillar Mixer (S8238AA),Central,No,Thermostatic mixing tap,Mixed,No,H,≤2 months ago
X,12S,12/326 SHOWER,Shower,Staff and patient,19,Pipe (flexible),Copper,PEX,Single lever sequential,TMV3,Shower,Flow Straightner,Trevi,CTV (A3085AA),Central,No,Thermostatic mixing tap,Mixed,No,J,≤2 months ago
X,12S,12/326 WHB,Tap & Sink,Staff and patient,23,Pipe (flexible),Copper,PEX,Single lever sequential,TMV3,Mixer tap,Flow Straightner,Armitage Shanks,Ideal Standard Silver (E0068AA),Central,No,Thermostatic mixing tap,Mixed,No,I,≤2 months ago
X,12S,12/325 WHB,Tap & Sink,Staff and patient,37,Pipe (flexible),Copper,PEX,Single lever sequential,TMV3,Mixer tap,Flow Straightner,Armitage Shanks,Markwik Pillar Mixer (S8238AA),Central,No,Thermostatic mixing tap,Mixed,No,H,≤2 months ago
X,12S,12/323 SHOWER,Shower,Staff and patient,30,Pipe (flexible),Copper,PEX,Single lever sequential,TMV3,Shower,Flow Straightner,Trevi,CTV (A3085AA),Central,No,Thermostatic mixing tap,Mixed,No,J,≤2 months ago
X,12S,12/323 WHB,Tap & Sink,Staff and patient,18,Pipe (flexible),Copper,PEX,Single lever sequential,TMV3,Mixer tap,Flow Straightner,Armitage Shanks,Ideal Standard Silver (E0068AA),Central,No,Thermostatic mixing tap,Mixed,No,I,≤2 months ago
X,12S,12/324 WHB,Tap & Sink,Staff and patient,32,Pipe (flexible),Copper,PEX,Single lever sequential,TMV3,Mixer tap,Flow Straightner,Armitage Shanks,Markwik Pillar Mixer (S8238AA),Central,No,Thermostatic mixing tap,Mixed,No,H,≤2 months ago
X,12S,12/322 SHOWER,Shower,Staff and patient,26,Pipe (flexible),Copper,PEX,Single lever sequential,TMV3,Shower,Flow Straightner,Trevi,CTV (A3085AA),Central,No,Thermostatic mixing tap,Mixed,No,J,≤2 months ago
X,12S,12/322 WHB,Tap & Sink,Staff and patient,20,Pipe (flexible),Copper,PEX,Single lever sequential,TMV3,Mixer tap,Flow Straightner,Armitage Shanks,Ideal Standard Silver (E0068AA),Central,No,Thermostatic mixing tap,Mixed,No,I,≤2 months ago
X,12S,12/321 WHB,Tap & Sink,Staff and patient,35,Pipe (flexible),Copper,PEX,Single lever sequential,TMV3,Mixer tap,Flow Straightner,Armitage Shanks,Markwik Pillar Mixer (S8238AA),Central,No,Thermostatic mixing tap,Mixed,No,H,≤2 months ago
X,12S,12/319 SHOWER,Shower,Staff and patient,34,Pipe (flexible),Copper,PEX,Single lever sequential,TMV3,Shower,Flow Straightner,Trevi,CTV (A3085AA),Central,No,Thermostatic mixing tap,Mixed,No,J,≤2 months ago
X,12S,12/319 WHB,Tap & Sink,Staff and patient,25,Pipe (flexible),Copper,PEX,Single lever sequential,TMV3,Mixer tap,Flow Straightner,Armitage Shanks,Ideal Standard Silver (E0068AA),Central,No,Thermostatic mixing tap,Mixed,No,I,≤2 months ago
X,12S,12/320 WHB,Tap & Sink,Staff and patient,32,Pipe (flexible),Copper,PEX,Single lever sequential,TMV3,Mixer tap,Flow Straightner,Armitage Shanks,Markwik Pillar Mixer (S8238AA),Central,No,Thermostatic mixing tap,Mixed,No,H,≤2 months ago
X,12E,12/249/2 SHOWER,Shower,Staff and patient,30,Pipe (flexible),Copper,PVC,Dual lever,TMV3,Shower,Flow Straightner,Mira,915,Central,No,Thermostatic mixing tap,Mixed,No,E,≤2 months ago
X,12E,12/249/2 WHB,Tap & Sink,Staff and patient,25,Pipe (flexible),Copper,PVC,Dual lever,TMV3,Individual tap,Flow Straightner,Armitage Shanks,Pillar Taps (S7185AA),Central,No,Manual mixing taps,Mixed,No,G,≤2 months ago
X,12E,12/249 WHB,Tap & Sink,Staff and patient,27,Pipe (flexible),Copper,PVC,Dual lever,TMV3,Mixer tap,Flow Straightner,Armitage Shanks,Markwik (S8230AA),Central,No,Manual mixing taps,Mixed,No,F,≤2 months ago
X,12E,12/249/1 WHB,Tap & Sink,Staff only,26,Pipe (flexible),Copper,PVC,Dual lever,TMV3,Mixer tap,Flow Straightner,Armitage Shanks,Markwik (S8230AA),Central,No,Manual mixing taps,Mixed,No,F,≤2 months ago
X,12E,12/248/2 SHOWER,Shower,Staff and patient,34,Pipe (flexible),Copper,PVC,Dual lever,TMV3,Shower,Flow Straightner,Mira,915,Central,No,Thermostatic mixing tap,Mixed,No,E,≤2 months ago
X,12E,12/248/2 WHB,Tap & Sink,Staff and patient,27,Pipe (flexible),Copper,PVC,Dual lever,TMV3,Individual tap,Flow Straightner,Armitage Shanks,Pillar Taps (S7185AA),Central,No,Manual mixing taps,Mixed,No,G,≤2 months ago
X,12E,12/248 WHB,Tap & Sink,Staff and patient,26,Pipe (flexible),Copper,PVC,Dual lever,TMV3,Mixer tap,Flow Straightner,Armitage Shanks,Markwik (S8230AA),Central,No,Manual mixing taps,Mixed,No,F,≤2 months ago
X,12E,12/248/1 WHB,Tap & Sink,Staff only,25,Pipe (flexible),Copper,PVC,Dual lever,TMV3,Mixer tap,Flow Straightner,Armitage Shanks,Markwik (S8230AA),Central,No,Manual mixing taps,Mixed,No,F,≤2 months ago
X,12E,12/247/2 SHOWER,Shower,Staff and patient,33,Pipe (flexible),Copper,PVC,Dual lever,TMV3,Shower,Flow Straightner,Mira,915,Central,No,Thermostatic mixing tap,Mixed,No,E,≤2 months ago
X,12E,12/247/2 WHB,Tap & Sink,Staff and patient,25,Pipe (flexible),Copper,PVC,Dual lever,TMV3,Individual tap,Flow Straightner,Armitage Shanks,Pillar Taps (S7185AA),Central,No,Manual mixing taps,Mixed,No,G,≤2 months ago
X,12E,12/247 WHB,Tap & Sink,Staff and patient,28,Pipe (flexible),Copper,PVC,Dual lever,TMV3,Mixer tap,Flow Straightner,Armitage Shanks,Markwik (S8230AA),Central,No,Manual mixing taps,Mixed,No,F,≤2 months ago
X,12E,12/247/1 WHB,Tap & Sink,Staff only,30,Pipe (flexible),Copper,PVC,Dual lever,TMV3,Mixer tap,Flow Straightner,Armitage Shanks,Markwik (S8230AA),Central,No,Manual mixing taps,Mixed,No,F,≤2 months ago
X,12E,12/246/2 SHOWER,Shower,Staff and patient,33,Pipe (flexible),Copper,PVC,Dual lever,TMV3,Shower,Flow Straightner,Mira,915,Central,No,Thermostatic mixing tap,Mixed,No,E,≤2 months ago
X,12E,12/246/2 WHB,Tap & Sink,Staff and patient,32,Pipe (flexible),Plastic,PEX,Dual lever,TMV3,Individual tap,Flow Straightner,Armitage Shanks,Pillar Taps (S7185AA),Central,No,Manual mixing taps,Mixed,No,G,≤2 months ago
X,12E,12/246 WHB,Tap & Sink,Staff and patient,28,Pipe (flexible),Copper,PVC,Dual lever,TMV3,Mixer tap,Flow Straightner,Armitage Shanks,Markwik (S8230AA),Central,No,Manual mixing taps,Mixed,No,F,≤2 months ago
X,12E,12/246/1 WHB,Tap & Sink,Staff only,26,Pipe (flexible),Copper,PVC,Dual lever,TMV3,Mixer tap,Flow Straightner,Armitage Shanks,Markwik (S8230AA),Central,No,Manual mixing taps,Mixed,No,F,≤2 months ago
X,12E,12/245/2 SHOWER,Shower,Staff and patient,27,Pipe (flexible),Copper,PVC,Dual lever,TMV3,Shower,Flow Straightner,Mira,915,Central,No,Thermostatic mixing tap,Mixed,No,E,≤2 months ago
X,12E,12/245/2 WHB,Tap & Sink,Staff and patient,31,Pipe (flexible),Copper,PVC,Dual lever,TMV3,Individual tap,Flow Straightner,Armitage Shanks,Pillar Taps (S7185AA),Central,No,Manual mixing taps,Mixed,No,G,≤2 months ago
X,12E,12/245 WHB,Tap & Sink,Staff and patient,28,Pipe (flexible),Copper,PVC,Dual lever,TMV3,Mixer tap,Flow Straightner,Armitage Shanks,Markwik (S8230AA),Central,No,Manual mixing taps,Mixed,No,F,≤2 months ago
X,12E,12/245/1 WHB,Tap & Sink,Staff only,25,Pipe (flexible),Copper,PVC,Dual lever,TMV3,Mixer tap,Flow Straightner,Armitage Shanks,Markwik (S8230AA),Central,No,Manual mixing taps,Mixed,No,F,≤2 months ago
X,12E,12/244/2 SHOWER,Shower,Staff and patient,21,Pipe (flexible),Copper,PVC,Dual lever,TMV3,Shower,Flow Straightner,Mira,915,Central,No,Thermostatic mixing tap,Mixed,No,E,≤2 months ago
X,12E,12/244/2 WHB,Tap & Sink,Staff and patient,26,Pipe (flexible),Copper,PVC,Dual lever,TMV3,Individual tap,Flow Straightner,Armitage Shanks,Pillar Taps (S7185AA),Central,No,Manual mixing taps,Mixed,No,G,≤2 months ago
X,12E,12/244 WHB,Tap & Sink,Staff and patient,26,Pipe (flexible),Copper,PVC,Dual lever,TMV3,Mixer tap,Flow Straightner,Armitage Shanks,Markwik (S8230AA),Central,No,Manual mixing taps,Mixed,No,F,≤2 months ago
X,12E,12/244/1 WHB,Tap & Sink,Staff only,28,Pipe (flexible),Copper,PVC,Dual lever,TMV3,Mixer tap,Flow Straightner,Armitage Shanks,Markwik (S8230AA),Central,No,Manual mixing taps,Mixed,No,F,≤2 months ago
X,12E,12/243/2 SHOWER,Shower,Staff and patient,34,Pipe (flexible),Copper,PVC,Dual lever,TMV3,Shower,Flow Straightner,Mira,915,Central,No,Thermostatic mixing tap,Mixed,No,E,≤2 months ago
X,12E,12/243/2 WHB,Tap & Sink,Staff and patient,29,Pipe (flexible),Copper,PVC,Dual lever,TMV3,Individual tap,Flow Straightner,Armitage Shanks,Pillar Taps (S7185AA),Central,No,Manual mixing taps,Mixed,No,G,≤2 months ago
X,12E,12/243 WHB,Tap & Sink,Staff and patient,30,Pipe (flexible),Copper,PVC,Dual lever,TMV3,Mixer tap,Flow Straightner,Armitage Shanks,Markwik (S8230AA),Central,No,Manual mixing taps,Mixed,No,F,≤2 months ago
X,12E,12/243/1 WHB,Tap & Sink,Staff only,36,Pipe (flexible),Copper,PVC,Dual lever,TMV3,Mixer tap,Flow Straightner,Armitage Shanks,Markwik (S8230AA),Central,No,Manual mixing taps,Mixed,No,F,≤2 months ago
X,12E,12/242/2 SHOWER,Shower,Staff and patient,34,Pipe (flexible),Copper,PVC,Dual lever,TMV3,Shower,Flow Straightner,Mira,915,Central,No,Thermostatic mixing tap,Mixed,No,E,≤2 months ago
X,12E,12/242/2 WHB,Tap & Sink,Staff and patient,28,Pipe (flexible),Copper,PVC,Dual lever,TMV3,Individual tap,Flow Straightner,Armitage Shanks,Pillar Taps (S7185AA),Central,No,Manual mixing taps,Mixed,No,G,≤2 months ago
X,12E,12/242 WHB,Tap & Sink,Staff and patient,33,Pipe (flexible),Copper,PVC,Dual lever,TMV3,Mixer tap,Flow Straightner,Armitage Shanks,Markwik (S8230AA),Central,No,Manual mixing taps,Mixed,No,F,≤2 months ago
X,12E,12/242/1 WHB,Tap & Sink,Staff only,30,Pipe (flexible),Copper,PVC,Dual lever,TMV3,Mixer tap,Flow Straightner,Armitage Shanks,Markwik (S8230AA),Central,No,Manual mixing taps,Mixed,No,F,≤2 months ago
X,12E,12/241/1 SHOWER,Shower,Staff and patient,29,Pipe (flexible),Copper,PVC,Dual lever,TMV3,Shower,Flow Straightner,Mira,915,Central,No,Thermostatic mixing tap,Mixed,No,E,≤2 months ago
X,12E,12/241/1 WHB,Tap & Sink,Staff and patient,32,Pipe (flexible),Copper,PVC,Dual lever,TMV3,Individual tap,Flow Straightner,Armitage Shanks,Pillar Taps (S7185AA),Central,No,Manual mixing taps,Mixed,No,G,≤2 months ago
X,12E,12/241 WHB,Tap & Sink,Staff and patient,25,Pipe (flexible),Copper,PVC,Dual lever,TMV3,Mixer tap,Flow Straightner,Armitage Shanks,Markwik (S8230AA),Central,No,Manual mixing taps,Mixed,No,F,≤2 months ago
X,12E,12/240 WHB,Tap & Sink,Staff only,28,Pipe (flexible),Copper,PVC,Dual lever,TMV3,Mixer tap,Flow Straightner,Armitage Shanks,Markwik (S8230AA),Central,No,Manual mixing taps,Mixed,No,F,≤2 months ago
X,12E,12/239/1 SHOWER,Shower,Staff and patient,29,Pipe (flexible),Copper,PVC,Dual lever,TMV3,Shower,Flow Straightner,Mira,915,Central,No,Thermostatic mixing tap,Mixed,No,E,≤2 months ago
X,12E,12/239/1 WHB,Tap & Sink,Staff and patient,21,Pipe (flexible),Copper,PVC,Dual lever,TMV3,Individual tap,Flow Straightner,Armitage Shanks,Pillar Taps (S7185AA),Central,No,Manual mixing taps,Mixed,No,G,≤2 months ago
X,12E,12/239 WHB,Tap & Sink,Staff only,27,Pipe (flexible),Copper,PVC,Dual lever,TMV3,Mixer tap,Flow Straightner,Armitage Shanks,Markwik (S8230AA),Central,No,Manual mixing taps,Mixed,No,F,≤2 months ago
X,12E,12/238/2 SHOWER,Shower,Staff and patient,27,Pipe (flexible),Copper,PVC,Dual lever,TMV3,Shower,Flow Straightner,Mira,915,Central,No,Thermostatic mixing tap,Mixed,No,E,≤2 months ago
X,12E,12/238/2 WHB,Tap & Sink,Staff and patient,23,Pipe (flexible),Copper,PVC,Dual lever,TMV3,Individual tap,Flow Straightner,Armitage Shanks,Pillar Taps (S7185AA),Central,No,Manual mixing taps,Mixed,No,G,≤2 months ago
X,12E,12/238 WHB,Tap & Sink,Staff and patient,21,Pipe (flexible),Copper,PVC,Dual lever,TMV3,Mixer tap,Flow Straightner,Armitage Shanks,Markwik (S8230AA),Central,No,Manual mixing taps,Mixed,No,F,≤2 months ago
X,12E,12/238/1 WHB,Tap & Sink,Staff only,28,Pipe (flexible),Copper,PVC,Dual lever,TMV3,Mixer tap,Flow Straightner,Armitage Shanks,Markwik (S8230AA),Central,No,Manual mixing taps,Mixed,No,F,≤2 months ago
X,12E,12/237/2 SHOWER,Shower,Staff and patient,29,Pipe (flexible),Copper,PVC,Dual lever,TMV3,Shower,Flow Straightner,Mira,915,Central,No,Thermostatic mixing tap,Mixed,No,E,≤2 months ago
X,12E,12/237/2 WHB,Tap & Sink,Staff and patient,21,Pipe (flexible),Copper,PVC,Dual lever,TMV3,Individual tap,Flow Straightner,Armitage Shanks,Pillar Taps (S7185AA),Central,No,Manual mixing taps,Mixed,No,G,≤2 months ago
X,12E,12/237 WHB,Tap & Sink,Staff and patient,25,Pipe (flexible),Copper,PVC,Dual lever,TMV3,Mixer tap,Flow Straightner,Armitage Shanks,Markwik (S8230AA),Central,No,Manual mixing taps,Mixed,No,F,≤2 months ago
X,12E,12/237/1 WHB,Tap & Sink,Staff only,26,Pipe (flexible),Copper,PVC,Dual lever,TMV3,Mixer tap,Flow Straightner,Armitage Shanks,Markwik (S8230AA),Central,No,Manual mixing taps,Mixed,No,F,≤2 months ago
X,12E,12/236/2 SHOWER,Shower,Staff and patient,27,Pipe (flexible),Copper,PVC,Dual lever,TMV3,Shower,Flow Straightner,Mira,915,Central,No,Thermostatic mixing tap,Mixed,No,E,≤2 months ago
X,12E,12/236/2 WHB,Tap & Sink,Staff and patient,25,Pipe (flexible),Copper,PVC,Dual lever,TMV3,Individual tap,Flow Straightner,Armitage Shanks,Pillar Taps (S7185AA),Central,No,Manual mixing taps,Mixed,No,G,≤2 months ago
X,12E,12/236 WHB,Tap & Sink,Staff and patient,26,Pipe (flexible),Copper,PVC,Dual lever,TMV3,Mixer tap,Flow Straightner,Armitage Shanks,Markwik (S8230AA),Central,No,Manual mixing taps,Mixed,No,F,≤2 months ago
X,12E,12/236/1 WHB,Tap & Sink,Staff only,31,Pipe (flexible),Copper,PVC,Dual lever,TMV3,Mixer tap,Flow Straightner,Armitage Shanks,Markwik (S8230AA),Central,No,Manual mixing taps,Mixed,No,F,≤2 months ago
X,12E,12/235/2 SHOWER,Shower,Staff and patient,24,Pipe (flexible),Copper,PVC,Dual lever,TMV3,Shower,Flow Straightner,Mira,915,Central,No,Thermostatic mixing tap,Mixed,No,E,≤2 months ago
X,12E,12/235/2 WHB,Tap & Sink,Staff and patient,20,Pipe (flexible),Copper,PVC,Dual lever,TMV3,Individual tap,Flow Straightner,Armitage Shanks,Pillar Taps (S7185AA),Central,No,Manual mixing taps,Mixed,No,G,≤2 months ago
X,12E,12/235 WHB,Tap & Sink,Staff and patient,33,Pipe (flexible),Copper,PVC,Dual lever,TMV3,Mixer tap,Flow Straightner,Armitage Shanks,Markwik (S8230AA),Central,No,Manual mixing taps,Mixed,No,F,≤2 months ago
X,12E,12/235/1 WHB,Tap & Sink,Staff only,32,Pipe (flexible),Copper,PVC,Dual lever,TMV3,Mixer tap,Flow Straightner,Armitage Shanks,Markwik (S8230AA),Central,No,Manual mixing taps,Mixed,No,F,≤2 months ago
X,12E,12/234 WHB,Tap & Sink,Staff only,31,Pipe (flexible),Copper,PVC,Dual lever,TMV3,Mixer tap,Flow Straightner,Armitage Shanks,Markwik (S8230AA),Central,No,Manual mixing taps,Mixed,No,F,≤2 months ago
X,12E,12/233/1 SHOWER,Shower,Staff and patient,29,Pipe (flexible),Copper,PVC,Dual lever,TMV3,Shower,Flow Straightner,Mira,915,Central,No,Thermostatic mixing tap,Mixed,No,E,≤2 months ago
X,12E,12/233/1 WHB,Tap & Sink,Staff and patient,24,Pipe (flexible),Copper,PVC,Dual lever,TMV3,Individual tap,Flow Straightner,Armitage Shanks,Pillar Taps (S7185AA),Central,No,Manual mixing taps,Mixed,No,G,≤2 months ago
X,12E,12/233 WHB,Tap & Sink,Staff and patient,29,Pipe (flexible),Copper,PVC,Dual lever,TMV3,Mixer tap,Flow Straightner,Armitage Shanks,Markwik (S8230AA),Central,No,Manual mixing taps,Mixed,No,F,≤2 months ago
X,12E,12/232/1 SHOWER,Shower,Staff and patient,33,Pipe (flexible),Copper,PVC,Dual lever,TMV3,Shower,Flow Straightner,Mira,915,Central,No,Thermostatic mixing tap,Mixed,No,E,≤2 months ago
X,12E,12/232/1 WHB,Tap & Sink,Staff and patient,30,Pipe (flexible),Copper,PVC,Dual lever,TMV3,Individual tap,Flow Straightner,Armitage Shanks,Pillar Taps (S7185AA),Central,No,Manual mixing taps,Mixed,No,G,≤2 months ago
X,12E,12/232 WHB,Tap & Sink,Staff and patient,30,Pipe (flexible),Copper,PVC,Dual lever,TMV3,Mixer tap,Flow Straightner,Armitage Shanks,Markwik (S8230AA),Central,No,Manual mixing taps,Mixed,No,F,≤2 months ago
X,12N,12/143/1 SHOWER,Shower,Staff and patient,0,None,Copper,Not applicable,Dual lever,TMV3,Shower,Flow Straightner,Mira,915,Central,No,Thermostatic mixing tap,Mixed,No,E,≤2 months ago
X,12N,12/143/1 WHB,Tap & Sink,Staff and patient,34,Pipe (flexible),Copper,PVC,Dual lever,TMV3,Mixer tap,Flow Straightner,Armitage Shanks,Unknown,Central,No,Manual mixing taps,Mixed,No,D,≤2 months ago
X,12N,12/143 WHB,Tap & Sink,Staff and patient,31,None,Copper,Not applicable,Dual lever,TMV3,Mixer tap,Flow Straightner,Armitage Shanks,Unknown,Central,No,Manual mixing taps,Mixed,No,D,≤2 months ago
X,12N,12/142/1 SHOWER,Shower,Staff only,0,None,Copper,Not applicable,Dual lever,TMV3,Shower,Flow Straightner,Mira,915,Central,No,Thermostatic mixing tap,Mixed,No,E,≤2 months ago
X,12N,12/142/1 WHB,Tap & Sink,Staff only,30,None,Copper,Not applicable,Dual lever,TMV3,Mixer tap,Flow Straightner,Armitage Shanks,Markwik (S8230AA),Central,No,Manual mixing taps,Mixed,No,F,≤2 months ago
X,12N,12/142 WHB,Tap & Sink,Staff only,18,None,Copper,Not applicable,Dual lever,TMV3,Mixer tap,Flow Straightner,Armitage Shanks,Unknown,Central,No,Manual mixing taps,Mixed,No,D,≤2 months ago
X,12N,12/140/1 SHOWER,Shower,Staff and patient,40,None,Copper,Not applicable,Dual lever,TMV3,Shower,Flow Straightner,Mira,915,Central,No,Thermostatic mixing tap,Mixed,No,E,≤2 months ago
X,12N,12/140/1 WHB,Tap & Sink,Staff and patient,25,None,Copper,Not applicable,Dual lever,TMV3,Mixer tap,Flow Straightner,Armitage Shanks,Unknown,Central,No,Manual mixing taps,Mixed,No,D,≤2 months ago
X,12N,12/140 WHB,Tap & Sink,Staff and patient,27,None,Copper,Not applicable,Dual lever,TMV3,Mixer tap,Flow Straightner,Armitage Shanks,Unknown,Central,No,Manual mixing taps,Mixed,No,D,≤2 months ago
X,12N,12/112 WHB,Tap & Sink,Staff only,35,None,Copper,Not applicable,Dual lever,TMV3,Mixer tap,Flow Straightner,Armitage Shanks,Markwik (S8230AA),Central,No,Manual mixing taps,Mixed,No,F,≤2 months ago
X,12N,12/144/1 WHB,Tap & Sink,Staff and patient,27,None,Copper,Not applicable,Single lever sequential,TMV3,Mixer tap,Flow Straightner,Armitage Shanks,Piccolo 2 (B1990AA),Central,No,Thermostatic mixing tap,Mixed,No,C,≤2 months ago
X,12N,12/144 LEFT DOOR WHB,Tap & Sink,Staff and patient,29,Pipe (flexible),Copper,PVC,Dual lever,TMV3,Mixer tap,Flow Straightner,Horne,Optitherm (TBT1-200DL),Rear,No,Thermostatic mixing tap,Mixed,No,B,≤2 months ago
X,12N,12/144 RIGHT DOOR WHB,Tap & Sink,Staff and patient,31,Pipe (flexible),Copper,PVC,Dual lever,TMV3,Mixer tap,Flow Straightner,Horne,Optitherm (TBT1-200DL),Rear,No,Thermostatic mixing tap,Mixed,No,B,≤2 months ago
X,12N,12/146/1 WHB,Tap & Sink,Staff and patient,15,None,Copper,Not applicable,Single lever sequential,TMV3,Mixer tap,Flow Straightner,Armitage Shanks,Unknown,Central,No,Thermostatic mixing tap,Mixed,No,A,≤2 months ago
